Entity,n_observed_edges
1,'de_Marcel_Rudloff'
1,'de_Michel_Giraud'
1,'eA._K._Antony'
1,'eAEthelred_the_Unready'
1,'eAbdallah_Kallel'
1,'eAbdelaziz_Bouteflika'
1,'eAbdelwahed_Radi'
3,'eAbdou_Diouf'
1,'eAbdul_Halim_of_Kedah'
1,'eAbdul_Hamid_I'
1,'eAbdul_Hamid_II'
2,'eAbdulaziz'
3,'eAbdullah_Ahmad_Badawi'
1,'eAbdullah_Gul'
1,'eAbdullah_II_of_Jordan'
2,'eAbdullah_of_Saudi_Arabia'
1,'eAbdulmecid_I'
2,'eAbdulmecid_II'
2,'eAbhishek_Bachchan'
1,'eAbigail_Adams'
1,'eAbraham_Kuyper'
1,'eAbraham_Lincoln'
1,'eAda_Lovelace'
1,'eAdam_Jerzy_Czartoryski'
2,"'eAdela_of_France,_Countess_of_Flanders'"
1,'eAdelaide_of_Aquitaine'
1,'eAdelaide_of_Austria'
1,'eAdelaide_of_Italy'
1,'eAdelaide_of_Maurienne'
1,'eAdelbert_Ames'
1,'eAdele_of_Champagne'
2,"'eAdele_of_France,_Countess_of_Flanders'"
6,'eAdelino_da_Palma_Carlos'
1,'eAditya_Chopra'
1,'eAdolf_Frederick_of_Sweden'
2,'eAdolf_Hitler'
1,'eAdolf_Ogi'
1,'eAdolfo_Suarez'
1,"'eAdolph_I,_Duke_of_Cleves'"
2,"'eAdolphe,_Grand_Duke_of_Luxembourg'"
1,'eAdolphe_Thiers'
2,"'eAdolphus_Cambridge,_1st_Marquess_of_Cambridge'"
1,'eAdone_Zoli'
3,'eAfonso_Costa'
2,'eAfonso_III_of_Portugal'
2,'eAfonso_II_of_Portugal'
1,'eAfonso_IV_of_Portugal'
2,'eAfonso_V_of_Portugal'
2,'eAgnes_of_Antioch'
3,'eAgnes_of_Babenberg'
1,"'eAgnes_of_Burgundy,_Duchess_of_Aquitaine'"
3,"'eAgnes_of_France,_Duchess_of_Burgundy'"
2,'eAgnes_of_Germany'
1,'eAgnes_of_Merania'
4,'eAgnes_of_Poitou'
2,'eAgostino_Depretis'
2,'eAgrippina_the_Elder'
2,'eAgrippina_the_Younger'
1,'eAhmad_Shah_Qajar'
1,'eAhmed_I'
1,'eAhmed_III'
1,'eAhmose-Nefertari'
1,'eAhmose_I'
1,'eAigars_Kalvitis'
2,'eAkihito'
1,'eAkkineni_Nagarjuna'
1,'eAkshaye_Khanna'
1,'eAl-Saadi_Gaddafi'
1,'eAl_Franken'
1,'eAl_Gore'
1,'eAlain_Joyandet'
7,'eAlain_Juppe'
1,'eAlain_Madelin'
3,'eAlain_Peyrefitte'
3,'eAlain_Poher'
1,'eAlain_Savary'
1,'eAlan_Alda'
2,'eAlan_Garcia'
1,"'eAlan_Hale,_Jr.'"
2,'eAlassane_Ouattara'
1,"'eAlbert,_4th_duc_de_Broglie'"
2,"'eAlbert,_Duke_in_Prussia'"
1,"'eAlbert,_King_of_Sweden'"
2,'eAlbert_Deveze'
2,'eAlbert_Francois_Lebrun'
1,"'eAlbert_Frederick,_Duke_of_Prussia'"
1,"'eAlbert_I,_Duke_of_Bavaria'"
3,"'eAlbert_II,_Duke_of_Austria'"
2,"'eAlbert_III,_Duke_of_Austria'"
2,"'eAlbert_III,_Duke_of_Saxony'"
2,'eAlbert_II_of_Belgium'
1,'eAlbert_II_of_Germany'
1,"'eAlbert_IV,_Duke_of_Bavaria'"
2,'eAlbert_I_of_Belgium'
3,'eAlbert_I_of_Germany'
3,'eAlbert_Sarraut'
4,"'eAlbert_VII,_Archduke_of_Austria'"
2,'eAlbert_of_Saxony'
1,'eAlberto_Fujimori'
1,'eAlberto_Lleras_Camargo'
1,"'eAlbrecht_III_Achilles,_Elector_of_Brandenburg'"
2,'eAlcide_De_Gasperi'
3,'eAldo_Moro'
1,'eAldona_of_Lithuania'
1,'eAlec_Douglas-Home'
1,'eAlejandra_Guzman'
1,'eAlejandro_Toledo'
1,'eAlenka_Bratusek'
1,"'eAlessandro_de_Medici,_Duke_of_Florence'"
1,'eAlexander_Abusch'
1,"'eAlexander_Cambridge,_1st_Earl_of_Athlone'"
1,'eAlexander_Haig'
1,'eAlexander_Hamilton'
2,'eAlexander_III_of_Russia'
1,'eAlexander_III_of_Scotland'
2,'eAlexander_II_of_Russia'
2,'eAlexander_I_of_Russia'
2,'eAlexander_I_of_Scotland'
1,'eAlexander_I_of_Yugoslavia'
3,'eAlexander_Jagiellon'
2,'eAlexander_of_Greece'
1,'eAlexander_the_Great'
1,'eAlexandra_Feodorovna_(Alix_of_Hesse)'
2,'eAlexandra_Feodorovna_(Charlotte_of_Prussia)'
2,'eAlexandra_Fyodorovna'
4,'eAlexandra_of_Denmark'
2,'eAlexandre_Millerand'
5,'eAlexandre_Ribot'
2,'eAlexandrine_of_Mecklenburg-Schwerin'
1,'eAlexandros_Koumoundouros'
1,'eAlexei_Kosygin'
1,"'eAlexei_Petrovich,_Tsarevich_of_Russia'"
1,'eAlexis_of_Russia'
1,'eAlfonso_II_of_Aragon'
2,'eAlfonso_II_of_Naples'
2,'eAlfonso_IV_of_Aragon'
2,"'eAlfonso_I_dEste,_Duke_of_Ferrara'"
1,'eAlfonso_Lopez_Michelsen'
1,'eAlfonso_Lopez_Pumarejo'
3,'eAlfonso_XIII_of_Spain'
3,'eAlfonso_XII_of_Spain'
3,'eAlfonso_X_of_Castile'
1,'eAlfred_Deakin'
2,'eAlfred_the_Great'
2,'eAlfredo_Perez_Rubalcaba'
2,'eAlfredo_de_Sa_Cardoso'
1,'eAlgernon_Paddock'
1,'eAlgirdas_Brazauskas'
2,'eAlgirdas_Butkevicius'
1,'eAli_Khamenei'
2,'eAlice_of_Champagne'
2,'eAlistair_Darling'
1,'eAllari_Naresh'
3,'eAloys_Van_de_Vyvere'
1,'eAlphonse_de_Lamartine'
1,'eAlphonso_of_Brienne'
1,'eAlvaro_Uribe'
2,'eAlvaro_de_Castro'
4,'eAmadeo_I_of_Spain'
1,"'eAmadeus_V,_Count_of_Savoy'"
2,'eAmalie_Auguste_of_Bavaria'
2,'eAmalric_II_of_Jerusalem'
2,'eAmalric_I_of_Jerusalem'
1,'eAmanda_Plummer'
1,'eAmber_Tamblyn'
1,"'eAmbrose_Dudley,_3rd_Earl_of_Warwick'"
3,'eAmelie_of_Leuchtenberg'
2,'eAmelie_of_Orleans'
2,'eAmenhotep_I'
1,'eAmenhotep_II'
1,'eAmenhotep_III'
2,'eAmha_Selassie'
1,'eAmi_Dolenz'
1,'eAmine_Gemayel'
8,'eAmintore_Fanfani'
1,'eAna_Botella'
2,'eAnders_Fogh_Rasmussen'
1,'eAndre_Malraux'
2,'eAndre_Rossinot'
1,'eAndre_Rouvoet'
2,'eAndre_Santini'
4,'eAndre_Tardieu'
2,'eAndreas_Papandreou'
1,'eAndrei_Gromyko'
1,'eAndrei_Konchalovsky'
1,'eAndres_Pastrana_Arango'
1,'eAndrew_Cuomo'
3,'eAndrew_II_of_Hungary'
1,'eAndrew_I_of_Hungary'
1,'eAndrew_Jackson'
2,'eAndrew_Johnson'
1,'eAndrew_Peacock'
1,'eAndrew_Stevens'
2,'eAndris_Piebalgs'
1,'eAndrius_Kubilius'
1,'eAndronikos_III_Palaiologos'
1,'eAndronikos_II_Palaiologos'
1,'eAndrus_Ansip'
2,'eAnerood_Jugnauth'
2,'eAngel_Acebes'
2,'eAngela_Merkel'
1,'eAngelina_Jolie'
1,'eAngus_King'
2,'eAnibal_Cavaco_Silva'
1,'eAnjelica_Huston'
1,'eAnn_Richards'
2,'eAnna_Jagiellon'
1,'eAnna_Massey'
2,'eAnna_Pavlovna_of_Russia'
3,"'eAnna_of_Austria,_Queen_of_Spain'"
2,'eAnna_of_Russia'
1,'eAnna_of_Tyrol'
2,"'eAnne,_Princess_Royal'"
2,'eAnne-Marie_Idrac'
2,'eAnne_Catherine_of_Brandenburg'
1,'eAnne_Dudley'
1,'eAnne_Frank'
1,"'eAnne_Marie_Louise_dOrleans,_Duchess_of_Montpensier'"
2,'eAnne_Marie_dOrleans'
1,'eAnne_Neville'
3,'eAnne_of_Austria'
2,"'eAnne_of_Austria,_Queen_of_Poland'"
3,'eAnne_of_Brittany'
3,'eAnne_of_Denmark'
2,'eAnne_of_Kiev'
1,'eAnneli_Jaatteenmaki'
2,"'eAnthony,_Duke_of_Brabant'"
1,'eAnthony_Eden'
2,'eAnthony_of_Saxony'
2,'eAntiochus_IX_Cyzicenus'
2,'eAntiochus_VIII_Grypus'
1,'eAntipope_Felix_V'
2,'eAntoine_Pinay'
2,'eAntoine_of_Navarre'
1,"'eAnton_Ulrich,_Duke_of_Saxe-Meiningen'"
1,'eAntonia_Minor'
2,'eAntonia_Tryphaena'
1,"'eAntonio,_Prior_of_Crato'"
2,'eAntonio_Granjo'
3,'eAntonio_Guterres'
1,"'eAntonio_Jose_Severim_de_Noronha,_1st_Duke_of_Terceira'"
2,'eAntonio_Jose_de_Almeida'
2,'eAntonio_Maria_da_Silva'
1,'eAntonio_Ramalho_Eanes'
5,'eAntonio_Segni'
1,'eAntonio_de_Oliveira_Salazar'
1,'eAntonio_de_Spinola'
1,'eArbaaz_Khan_(Indian_actor)'
2,'eArcadius'
1,'eArchduchess_Elisabeth_Franziska_of_Austria'
3,'eArchduchess_Gisela_of_Austria'
1,'eArchduchess_Louise_of_Austria'
4,'eArchduchess_Maria_Amalia_of_Austria'
2,'eArchduchess_Maria_Anna_Josepha_of_Austria'
3,"'eArchduke_Charles,_Duke_of_Teschen'"
2,'eArchduke_Charles_Stephen_of_Austria'
2,'eArchduke_Eugen_of_Austria'
2,'eArchduke_Ferdinand_Karl_Viktor_of_Austria-Este'
2,'eArchduke_Franz_Ferdinand_of_Austria'
3,'eArchduke_Franz_Karl_of_Austria'
2,"'eArchduke_Friedrich,_Duke_of_Teschen'"
2,"'eArchduke_Joseph,_Palatine_of_Hungary'"
2,'eArchduke_Karl_Ferdinand_of_Austria'
2,'eArchduke_Karl_Ludwig_of_Austria'
2,'eArchduke_Karl_Salvator_of_Austria'
2,'eArchduke_Rainer_Joseph_of_Austria'
2,"'eArchibald_Primrose,_5th_Earl_of_Rosebery'"
1,'eAretha_Franklin'
3,'eAriel_Sharon'
5,'eAristide_Briand'
2,'eArmand_Fallieres'
1,'eArnaud_Montebourg'
1,'eArnold_Ruutel'
1,'eArnold_Schwarzenegger'
1,'eArnulf_of_Carinthia'
1,'eArseniy_Yatsenyuk'
2,'eArsinoe_II'
2,'eArthur_Balfour'
2,"'eArthur_III,_Duke_of_Brittany'"
1,'eArthur_Meighen'
1,'eArturas_Paulauskas'
1,'eArun_Vijay'
2,'eAsif_Ali_Zardari'
3,'eAstrid_of_Sweden'
1,'eAugusta_Victoria_of_Schleswig-Holstein'
2,'eAugusta_of_Saxe-Weimar-Eisenach'
1,'eAuguste_Marie_Francois_Beernaert'
1,'eAugusto_Pinochet'
1,'eAugusto_de_Vasconcelos'
2,'eAugustus'
1,"'eAugustus,_Duke_of_Saxe-Weissenfels'"
2,"'eAugustus,_Elector_of_Saxony'"
1,'eAugustus_III_of_Poland'
1,'eAugustus_II_the_Strong'
1,'eAung_San_Suu_Kyi'
2,'eAurangzeb'
1,'eAzzeddine_Laraki'
3,'eB._J._Vorster'
1,'eB._Lenin'
3,'eBahi_Ladgham'
1,"'eBaldwin_IV,_Count_of_Flanders'"
3,'eBaldwin_I_of_Constantinople'
1,"'eBaldwin_V,_Count_of_Flanders'"
3,'eBarack_Obama'
1,'eBarbara_Bush'
2,'eBarbara_of_Brandenburg'
3,'eBarbara_of_Cilli'
1,'eBarend_Biesheuvel'
1,'eBashar_al-Assad'
2,'eBasil_II'
1,'eBayezid_I'
1,"'eBeatrice_I,_Countess_of_Burgundy'"
2,'eBeatrice_of_Castile_(1242-1303)'
2,'eBeatrice_of_England'
3,'eBeatrice_of_Naples'
1,'eBeatrice_of_Portugal'
2,'eBeatrice_of_Provence'
4,'eBeatrice_of_Savoy'
3,'eBeatrix_of_the_Netherlands'
1,'eBeau_Bridges'
1,'eBehgjet_Pacolli'
2,'eBeji_Caid_el_Sebsi'
1,'eBela_III_of_Hungary'
1,'eBela_IV_of_Hungary'
1,'eBen_Bernanke'
1,'eBen_Bot'
2,'eBen_Nelson'
1,'eBen_Stiller'
2,'eBenazir_Bhutto'
3,'eBenigno_Aquino_III'
2,'eBenjamin_Disraeli'
1,'eBenjamin_Harrison'
2,'eBenjamin_Netanyahu'
3,'eBerengaria_of_Portugal'
1,'eBerenice_I_of_Egypt'
1,'eBernadette_Chirac'
2,'eBernard_Bosson'
2,'eBernard_Cazeneuve'
2,'eBernard_Debre'
2,'eBernard_Kouchner'
2,'eBernard_Landry'
4,'eBernard_Pons'
2,'eBernardino_Machado'
1,"'eBernardo_de_Sa_Nogueira_de_Figueiredo,_1st_Marquis_of_Sa_da_Bandeira'"
2,"'eBernhard_I,_Duke_of_Saxe-Meiningen'"
2,'eBernice_Pauahi_Bishop'
2,'eBertel_Haarder'
2,'eBertha_of_Holland'
3,'eBertha_of_Savoy'
3,'eBertie_Ahern'
1,'eBertrade_de_Montfort'
1,'eBertrand_Blier'
1,'eBettino_Craxi'
1,'eBetty_Ford'
3,'eBharrat_Jagdeo'
1,'eBhumibol_Adulyadej'
3,'eBianca_Maria_Sforza'
1,'eBianca_Maria_Visconti'
2,'eBilawal_Bhutto_Zardari'
3,'eBill_Clinton'
1,'eBill_Richardson'
2,'eBingu_wa_Mutharika'
2,'eBinyamin_Ben-Eliezer'
1,'eBirendra_of_Nepal'
2,'eBirte_Weiss'
2,'eBjorn_Engholm'
2,'eBlanche_of_Anjou'
3,'eBlanche_of_Castile'
2,'eBlanche_of_Valois'
2,'eBob_Hawke'
1,'eBob_McDonnell'
1,'eBob_Riley'
1,'eBobby_Deol'
1,'eBobby_Jindal'
1,'eBogdan_Borusewicz'
1,"'eBoleslaus_II,_Duke_of_Bohemia'"
1,'eBoleslaw_III_Wrymouth'
1,'eBoleslaw_III_the_Generous'
1,'eBoleslaw_II_Rogatka'
3,'eBoleslaw_IV_the_Curly'
1,'eBoleslaw_I_Chrobry'
1,'eBoleslaw_I_of_Poland'
3,'eBoleslaw_I_the_Tall'
2,'eBona_of_Savoy'
1,'eBonne_of_Artois'
1,'eBonne_of_Berry'
2,'eBonne_of_Bohemia'
1,'eBorandukht'
2,'eBoris_III_of_Bulgaria'
1,'eBoris_Tadic'
1,'eBorut_Pahor'
1,'eBorys_Paton'
1,'eBoutros_Boutros-Ghali'
1,'eBradley_Bell'
1,'eBram_Peper'
1,'eBrandon_Lee'
3,'eBrian_Cowen'
1,'eBrian_Henson'
1,'eBrian_Keith'
1,'eBrian_Mikkelsen'
1,'eBrian_Mulroney'
1,'eBrian_Sandoval'
1,'eBrian_Schatz'
3,'eBrice_Hortefeux'
1,'eBridget_Fonda'
2,'eBronislaw_Komorowski'
1,'eBruce_Brown'
1,'eBruno_Alves'
2,'eBruno_Le_Maire'
1,'eBryce_Dallas_Howard'
1,'eBuddha_Loetla_Nabhalai'
1,'eBulent_Ecevit'
1,'eButch_Otter'
3,'eCaligula'
2,'eCalin_Popescu-Tariceanu'
1,'eCalvin_Coolidge'
5,'eCamille_Chautemps'
1,'eCamille_Gutt'
2,'eCampbell_Scott'
3,'eCandice_Bergen'
3,'eCanute'
1,'eCarl_Bildt'
1,'eCarl_Gustaf_Emil_Mannerheim'
2,'eCarl_XVI_Gustaf_of_Sweden'
1,'eCarlene_Carter'
4,'eCarlo_Azeglio_Ciampi'
1,'eCarlos_Arias_Navarro'
1,"'eCarlos_Hugo,_Duke_of_Parma'"
3,'eCarlos_I_of_Portugal'
1,'eCarlos_Mota_Pinto'
2,'eCarlota_Joaquina_of_Spain'
3,'eCarol_II_of_Romania'
2,"'eCaroline,_Princess_of_Hanover'"
2,'eCaroline_Augusta_of_Bavaria'
2,'eCaroline_Bonaparte'
2,'eCaroline_Kennedy'
1,'eCaroline_Matilda_of_Great_Britain'
3,'eCaroline_of_Ansbach'
3,'eCaroline_of_Brunswick'
2,'eCarrie_Fisher'
1,'eCary_Elwes'
2,'eCasimir_III_of_Poland'
2,'eCasimir_III_the_Great'
4,'eCasimir_II_the_Just'
1,'eCasimir_IV_Jagiellon'
1,'eCaspar_Weinberger'
1,'eCaterina_Sforza'
1,'eCatharina_of_Wurttemberg'
1,'eCatherine_I_of_Russia'
2,'eCatherine_Jagiellon'
1,'eCatherine_Parr'
2,'eCatherine_Pavlovna_of_Russia'
3,'eCatherine_Trautmann'
1,'eCatherine_de_Medici'
3,'eCatherine_of_Aragon'
2,'eCatherine_of_Bohemia'
4,'eCatherine_of_Medici'
4,'eCatherine_of_Valois'
1,'eCatherine_the_Great'
1,'eCecelia_Ahern'
1,'eCecile_Duflot'
1,'eCecilia_Attias'
2,"'eCecily_Neville,_Duchess_of_York'"
1,"'eCesar,_Duke_of_Vendome'"
1,'eCesar_Gaviria'
1,'eChadli_Bendjedid'
2,'eChandrika_Kumaratunga'
3,"'eCharles,_Cardinal_de_Bourbon'"
1,"'eCharles,_Count_of_Valois'"
1,"'eCharles,_Duke_of_Vendome'"
1,"'eCharles,_Grand_Duke_of_Baden'"
3,'eCharles_Dupuy'
1,"'eCharles_Emmanuel_I,_Duke_of_Savoy'"
2,"'eCharles_Emmanuel_II,_Duke_of_Savoy'"
2,'eCharles_Emmanuel_III_of_Sardinia'
1,"'eCharles_Ferdinand,_Duke_of_Berry'"
2,"'eCharles_Francis_Adams,_Sr.'"
1,"'eCharles_Frederick,_Grand_Duke_of_Baden'"
1,"'eCharles_Frederick,_Grand_Duke_of_Saxe-Weimar-Eisenach'"
1,"'eCharles_I,_Duke_of_Bourbon'"
1,"'eCharles_I,_Duke_of_Brittany'"
1,"'eCharles_I,_Landgrave_of_Hesse-Kassel'"
1,"'eCharles_II,_Archduke_of_Austria'"
4,"'eCharles_II,_Duke_of_Parma'"
2,"'eCharles_III,_Duke_of_Lorraine'"
2,"'eCharles_III,_Duke_of_Parma'"
3,"'eCharles_III_Philip,_Elector_Palatine'"
3,'eCharles_III_of_Naples'
5,'eCharles_III_of_Spain'
3,'eCharles_II_of_England'
2,'eCharles_II_of_Naples'
2,'eCharles_II_of_Navarre'
3,'eCharles_II_of_Spain'
3,"'eCharles_IV,_Holy_Roman_Emperor'"
3,'eCharles_IV_of_France'
2,'eCharles_IV_of_Spain'
2,'eCharles_IX_of_France'
3,'eCharles_IX_of_Sweden'
3,"'eCharles_I_Louis,_Elector_Palatine'"
2,'eCharles_I_of_Austria'
1,'eCharles_I_of_England'
5,'eCharles_I_of_Naples'
1,'eCharles_Lindbergh'
2,'eCharles_Pasqua'
1,'eCharles_Pinckney_(governor)'
2,'eCharles_S._Deneen'
1,"'eCharles_Spencer,_9th_Earl_Spencer'"
2,"'eCharles_Theodore,_Elector_of_Bavaria'"
1,"'eCharles_V,_Duke_of_Lorraine'"
5,"'eCharles_V,_Holy_Roman_Emperor'"
5,"'eCharles_VI,_Holy_Roman_Emperor'"
2,"'eCharles_VII,_Holy_Roman_Emperor'"
2,'eCharles_VIII_of_France'
2,'eCharles_VIII_of_Sweden'
3,'eCharles_VII_of_France'
2,'eCharles_VI_of_France'
4,'eCharles_XIII_of_Sweden'
1,'eCharles_XIV_John_of_Sweden'
1,'eCharles_XI_of_Sweden'
2,'eCharles_XV_of_Sweden'
5,'eCharles_X_of_France'
2,'eCharles_de_Broqueville'
2,'eCharles_de_Freycinet'
4,'eCharles_de_Gaulle'
2,"'eCharles_of_Saxony,_Duke_of_Courland'"
1,'eCharles_the_Bald'
2,'eCharles_the_Bold'
2,'eCharles_the_Fat'
2,'eCharles_the_Simple'
1,'eCharlie_Crist'
1,'eCharlie_Sheen'
2,"'eCharlotte,_Grand_Duchess_of_Luxembourg'"
2,'eCharlotte_Amalie_of_Hesse-Kassel'
2,'eCharlotte_Gainsbourg'
1,'eCharlotte_of_Mecklenburg-Strelitz'
3,'eCharlotte_of_Savoy'
1,'eChaudhry_Shujaat_Hussain'
1,'eChavalit_Yongchaiyudh'
2,'eChelsea_Clinton'
1,'eChen_Shui-bian'
1,'eChet_Culver'
2,'eChiang_Ching-kuo'
2,'eChiara_Mastroianni'
1,'eChildebert_I'
1,'eChilperic_I'
2,'eChlothar_I'
1,'eChlothar_II'
1,'eChris_Christie'
1,'eChris_Penn'
1,'eChris_Watson'
4,'eChristian_Estrosi'
1,'eChristian_Herter'
1,'eChristian_III_of_Denmark'
2,'eChristian_II_of_Denmark'
2,'eChristian_IV_of_Denmark'
3,'eChristian_IX_of_Denmark'
2,'eChristian_I_of_Denmark'
3,'eChristian_Jacob_(politician)'
2,'eChristian_Poncelet'
1,'eChristian_VIII_of_Denmark'
3,'eChristian_Wulff'
2,'eChristian_X_of_Denmark'
2,'eChristina_of_Denmark'
1,'eChristina_of_Holstein-Gottorp'
2,'eChristina_of_Saxony'
1,'eChristine_Gregoire'
4,'eChristine_Lagarde'
2,'eChristine_Marie_of_France'
1,'eChristine_of_Saxony'
1,'eChristopher_Buckley_(novelist)'
1,'eChristopher_Lawford'
1,'eChristopher_of_Bavaria'
2,'eChuan_Leekpai'
2,'eChuck_Hagel'
1,'eChulalongkorn'
1,'eClancy_Brown'
2,'eClaude_Bartolone'
1,'eClaude_Brasseur'
1,'eClaude_Evin'
2,'eClaude_Goasguen'
1,'eClaude_Gueant'
3,'eClaude_of_France'
3,'eClaude_of_Valois'
1,'eClaudia_Roth'
1,'eClaudia_de_Medici'
2,'eClaudio_Scajola'
2,'eClaudius'
1,'eClement_Attlee'
1,'eClementia_of_Burgundy'
1,'eCleopatra'
1,'eCleopatra_Selene_I'
2,'eCleopatra_Selene_II'
2,'eCleopatra_Thea'
2,'eCnut_the_Great'
1,'eCokie_Roberts'
1,'eCole_Hauser'
1,'eColin_Hanks'
1,'eColin_Powell'
1,"'eColoman,_King_of_Hungary'"
1,"'eConrad_II,_Holy_Roman_Emperor'"
2,'eConrad_III_of_Germany'
1,'eConrad_of_Montferrat'
2,"'eConstance,_Queen_of_Sicily'"
2,'eConstance_of_Aragon'
1,'eConstance_of_Arles'
3,'eConstance_of_Austria'
1,"'eConstance_of_Castile,_Duchess_of_Lancaster'"
2,"'eConstance_of_France,_Princess_of_Antioch'"
2,'eConstance_of_Hungary'
2,"'eConstance_of_Sicily,_Queen_of_Aragon'"
2,'eConstantine_II_of_Greece'
1,'eConstantine_IX_Monomachos'
3,'eConstantine_I_of_Greece'
2,'eConstantine_VII'
2,'eConstantine_VIII'
1,'eConstantine_XI_Palaiologos'
4,'eConstantine_the_Great'
2,'eConstantius_Chlorus'
3,'eConstantius_II'
1,'eCorazon_Aquino'
1,'eCorin_Redgrave'
1,'eCornelius_Vanderbilt_II'
2,'eCornelius_Vanderbilt_III'
2,'eCornelius_Vanderbilt_Whitney'
1,"'eCosimo_I_de_Medici,_Grand_Duke_of_Tuscany'"
2,'eCotys_IX'
1,'eCrin_Antonescu'
1,'eCrinan_of_Dunkeld'
1,'eCristian_Castro'
1,'eCristina_Fernandez_de_Kirchner'
1,'eCrown_of_Aragon'
2,'eDagmar_of_Bohemia'
1,'eDagobert_I'
1,'eDale_Bumpers'
1,'eDalia_Grybauskaite'
1,'eDalia_Itzik'
1,'eDamian_Harris'
1,'eDamian_Marley'
1,'eDan_Coats'
1,'eDan_Quayle'
1,'eDaniel_Inouye'
1,'eDaniel_Pearl'
1,'eDaniel_Vaillant'
1,'eDanny_Huston'
1,'eDaoguang_Emperor'
1,'eDave_Heineman'
1,'eDavid_Ben-Gurion'
1,'eDavid_Cameron'
1,'eDavid_Carradine'
2,'eDavid_Cassidy'
1,'eDavid_D._Friedman'
1,'eDavid_Harvey'
3,'eDavid_I_of_Scotland'
1,'eDavid_Johnston'
1,'eDavid_Kawananakoa'
2,'eDavid_Oddsson'
1,'eDavid_Paterson'
1,'eDavid_Petraeus'
2,'eDavid_Rockefeller'
1,'eDavid_Tennant'
1,'eDecius'
2,'eDelia_Ephron'
2,'eDeng_Xiaoping'
1,'eDenise_DeBartolo_York'
1,'eDeran_Sarafian'
2,"'eDesi_Arnaz,_Jr.'"
1,'eDeval_Patrick'
1,'eDiana_Barrymore'
2,'eDick_Cheney'
1,'eDick_Durbin'
2,'eDidier_Reynders'
1,'eDilma_Rousseff'
1,'eDiocletian'
1,'eDiogo_Tavares'
1,'eDioncounda_Traore'
1,'eDjer'
2,'eDomingos_Leite_Pereira'
2,'eDominique_Bussereau'
3,'eDominique_Perben'
2,'eDominique_Strauss-Kahn'
2,'eDominique_de_Villepin'
1,'eDon_Siegelman'
2,'eDonald_Rumsfeld'
1,'eDonald_Tusk'
1,'eDonny_Osmond'
1,'eDora_Bakoyannis'
2,'eDoris_Leuthard'
1,'eDorothy_Davenport'
1,'eDoug_LaMalfa'
1,"'eDouglas_Fairbanks,_Jr.'"
1,'eDrew_Barrymore'
1,'eDries_van_Agt'
1,'eDriss_Jettou'
2,'eDuarte_Leite'
2,"'eDuarte_Nuno,_Duke_of_Braganza'"
1,'eDuchess_Helene_of_Mecklenburg-Schwerin'
2,'eDuchess_Maria_Anna_Victoria_of_Bavaria'
1,'eDuchess_Marie_of_Mecklenburg-Schwerin'
1,'eDuchess_Violante_Beatrice_of_Bavaria'
1,'eDuke_Alexander_of_Wurttemberg_(1771-1833)'
1,'eDuke_Henry_of_Mecklenburg-Schwerin'
1,'eDuke_John_Albert_of_Mecklenburg'
2,'eDuke_Louis_of_Wurttemberg'
1,'eDulce_of_Aragon'
2,'eDuncan_II_of_Scotland'
1,'eDusan_Petrovic'
1,'eEadgyth'
1,'eEamon_de_Valera'
2,'eEarly_life_of_Augustus'
1,'eEberhard_Diepgen'
1,'eEberhard_van_der_Laan'
1,"'eEd_Begley,_Jr.'"
2,'eEd_Miliband'
6,'eEdgar_Faure'
1,'eEdgar_Savisaar'
3,'eEdith_Cresson'
1,'eEdmond_Herve'
1,'eEdmond_Michelet'
2,'eEdmund_Crouchback'
1,'eEdmund_Randolph'
1,'eEdmund_Stoiber'
2,"'eEdmund_of_Langley,_1st_Duke_of_York'"
1,'eEdouard_Balladur'
2,'eEdouard_Daladier'
5,'eEdouard_Herriot'
1,'eEduard_Bomhoff'
1,'eEduardo_Frei_Ruiz-Tagle'
1,'eEduardo_Santos'
1,'eEduardo_Zaplana'
2,"'eEdward,_King_of_Portugal'"
2,'eEdward_Albert'
2,'eEdward_III_of_England'
2,'eEdward_II_of_England'
3,'eEdward_IV_of_England'
3,'eEdward_I_of_England'
1,"'eEdward_Seymour,_1st_Duke_of_Somerset'"
2,'eEdward_VII'
2,'eEdward_VIII'
2,'eEdward_VIII_of_the_United_Kingdom'
4,'eEdward_VII_of_the_United_Kingdom'
3,'eEdward_VI_of_England'
1,'eEdward_the_Elder'
2,'eEhud_Barak'
2,'eEhud_Olmert'
2,'eEimert_van_Middelkoop'
1,'eEleanor_Mondale'
1,'eEleanor_Roosevelt'
4,'eEleanor_of_Aquitaine'
2,"'eEleanor_of_Aragon,_Queen_of_Portugal'"
3,'eEleanor_of_Austria'
2,"'eEleanor_of_Austria,_Queen_of_Poland'"
2,'eEleanor_of_Castile'
2,"'eEleanor_of_England,_Queen_of_Castile'"
2,"'eEleanor_of_Naples,_Duchess_of_Ferrara'"
4,"'eEleanor_of_Portugal,_Holy_Roman_Empress'"
3,'eEleanor_of_Provence'
2,'eEleanor_of_Viseu'
1,'eEleftherios_Venizelos'
2,'eElena_Salgado'
3,'eElena_of_Montenegro'
2,'eEleonor_Magdalene_of_Neuburg'
1,'eElio_Di_Rupo'
4,'eElisa_Bonaparte'
3,"'eElisabeth,_Duchess_of_Luxembourg'"
2,'eElisabeth_Charlotte_dOrleans'
3,'eElisabeth_Christine_of_Brunswick-Wolfenbuttel'
3,'eElisabeth_Christine_of_Brunswick-Wolfenbuttel-Bevern'
4,'eElisabeth_Guigou'
3,"'eElisabeth_of_Austria,_Queen_of_France'"
1,'eElisabeth_of_Bavaria'
2,"'eElisabeth_of_Bavaria,_Queen_of_Belgium'"
1,"'eElisabeth_of_Bavaria,_Queen_of_Germany'"
5,'eElisabeth_of_France_(1602-1644)'
2,'eElisabeth_of_Habsburg_(1436-1505)'
2,'eElisabeth_of_Swabia'
4,'eElisabeth_of_Valois'
2,'eElisabetta_Farnese'
1,'eElizabeth_Ashley'
3,'eElizabeth_II'
4,'eElizabeth_I_of_England'
1,'eElizabeth_Montgomery'
2,'eElizabeth_Richeza_of_Poland'
1,"'eElizabeth_Stuart,_Queen_of_Bohemia'"
1,'eElizabeth_Warren'
2,'eElizabeth_Woodville'
2,'eElizabeth_of_Aragon'
1,'eElizabeth_of_Bohemia'
3,'eElizabeth_of_Bohemia_(1292-1330)'
1,'eElizabeth_of_Bosnia'
2,"'eElizabeth_of_Carinthia,_Queen_of_Germany'"
2,'eElizabeth_of_Luxembourg'
3,"'eElizabeth_of_Poland,_Queen_of_Hungary'"
1,'eElizabeth_of_Pomerania'
2,'eElizabeth_of_Russia'
3,'eElizabeth_of_York'
2,'eElpidio_Quirino'
1,'eEls_Borst'
1,'eEmil_Boc'
1,'eEmil_Constantinescu'
1,'eEmile_Loubet'
2,'eEmile_Vandervelde'
1,'eEmile_Zuccarelli'
1,'eEmilia_Fox'
1,'eEmilio_Colombo'
1,'eEmilio_Estevez'
1,'eEmily_Deschanel'
1,'eEmily_Mortimer'
1,'eEmma_Bonino'
1,'eEmma_Roberts'
1,'eEmma_Thompson'
2,'eEmma_of_Normandy'
1,"'eEmmanuel_Philibert,_Duke_of_Savoy'"
1,'eEmperor_Gaozong_of_Tang'
1,'eEmperor_Taisho'
2,'eEmperor_Zhongzong_of_Tang'
2,'eEmpress_Elisabeth_of_Austria'
3,'eEmpress_Matilda'
1,'eEmpress_Michiko'
2,'eEnda_Kenny'
2,'eEnrico_De_Nicola'
2,'eEnrico_Letta'
1,"'eErcole_III_dEste,_Duke_of_Modena'"
1,'eErdal_Inonu'
4,'eEric_Besson'
1,'eEric_Haakonsson'
2,'eEric_Louw'
1,'eEric_Shinseki'
2,'eEric_Woerth'
1,'eEric_of_Pomerania'
2,'eErich_Honecker'
3,'eErich_Mende'
1,'eErkki_Liikanen'
2,'eErkki_Tuomioja'
1,'eErna_Solberg'
2,"'eErnest,_Elector_of_Saxony'"
1,"'eErnest_Augustus,_Duke_of_Brunswick'"
4,"'eErnest_Augustus,_Elector_of_Brunswick-Luneburg'"
4,'eErnest_Augustus_I_of_Hanover'
1,'eErnest_Bai_Koroma'
2,"'eErnest_I,_Duke_of_Saxe-Gotha'"
2,'eErnest_of_Bavaria'
1,'eErnesto_Samper'
1,'eErnst_Benda'
1,"'eErnst_II,_Duke_of_Saxe-Altenburg'"
1,'eErnst_Kaltenbrunner'
1,'eErskine_Hamilton_Childers'
2,'eEsha_Deol'
1,'eEsperanza_Aguirre'
3,'eEstrid_Svendsdatter'
1,'eEthelred_the_Unready'
1,'eEugene_de_Beauharnais'
2,'eEunice_Kennedy_Shriver'
1,'eEva_Amurri'
2,'eEvan_Bayh'
2,'eEve_Curie'
1,'eEveline_Widmer-Schlumpf'
1,'eEzer_Weizman'
2,'eFahd_of_Saudi_Arabia'
1,'eFaisal_of_Saudi_Arabia'
1,'eFanny_Ardant'
1,'eFardeen_Khan'
2,'eFarhan_Akhtar'
1,'eFarooq_Leghari'
1,'eFarouk_of_Egypt'
2,'eFausta'
2,'eFawzia_Fuad_of_Egypt'
1,'eFederico_Luigi_Menabrea'
1,'eFedor_Bondarchuk'
1,'eFelipe_Calderon'
1,'eFelipe_Gonzalez'
1,'eFelix_Gaillard'
1,'eFeodor_III_of_Russia'
1,'eFeodor_I_of_Russia'
3,"'eFerdinand,_Duke_of_Breisgau'"
2,"'eFerdinand,_Duke_of_Parma'"
2,"'eFerdinand,_Duke_of_Viseu'"
4,"'eFerdinand_I,_Holy_Roman_Emperor'"
4,"'eFerdinand_II,_Holy_Roman_Emperor'"
3,"'eFerdinand_III,_Grand_Duke_of_Tuscany'"
2,"'eFerdinand_III,_Holy_Roman_Emperor'"
2,'eFerdinand_II_of_Aragon'
2,'eFerdinand_II_of_the_Two_Sicilies'
2,"'eFerdinand_IV,_Grand_Duke_of_Tuscany'"
1,'eFerdinand_I_of_Aragon'
2,'eFerdinand_I_of_Austria'
1,'eFerdinand_I_of_Portugal'
1,'eFerdinand_I_of_Romania'
2,'eFerdinand_I_of_the_Two_Sicilies'
1,'eFerdinand_Marcos'
3,'eFerdinand_VII_of_Spain'
3,'eFerdinand_VI_of_Spain'
3,"'eFerdinando_I_de_Medici,_Grand_Duke_of_Tuscany'"
1,'eFerenc_Gyurcsany'
1,'eFerenc_Madl'
1,'eFerenc_Munnich'
1,'eFernando_Collor_de_Mello'
1,'eFernando_Henrique_Cardoso'
2,'eFernando_Tambroni'
1,'eFerruccio_Parri'
1,'eFevzi_Cakmak'
2,'eFidel_Castro'
1,'eFidel_V._Ramos'
1,'eFilip_Vujanovic'
1,'eFilippo_Maria_Visconti'
1,'eFob_James'
1,'eFouad_Mebazaa'
2,"'eFrances_Grey,_Duchess_of_Suffolk'"
2,'eFrancesco_Cossiga'
2,'eFrancesco_Crispi'
2,"'eFrancesco_I_de_Medici,_Grand_Duke_of_Tuscany'"
1,'eFrancesco_Rutelli'
1,"'eFrancis,_Duke_of_Cadiz'"
1,"'eFrancis,_Duke_of_Saxe-Coburg-Saalfeld'"
1,'eFrancis_Ford_Coppola'
2,"'eFrancis_I,_Duke_of_Brittany'"
4,"'eFrancis_I,_Holy_Roman_Emperor'"
1,"'eFrancis_II,_Duke_of_Brittany'"
2,"'eFrancis_II,_Holy_Roman_Emperor'"
2,'eFrancis_II_of_the_Two_Sicilies'
3,"'eFrancis_IV,_Duke_of_Modena'"
2,'eFrancis_I_of_Austria'
1,'eFrancis_I_of_France'
2,'eFrancis_I_of_the_Two_Sicilies'
1,'eFrancis_William_Reitz'
2,'eFrancisco_Alvarez_Cascos'
2,'eFrancisco_Craveiro_Lopes'
2,'eFrancisco_Jose_Fernandes_Costa'
1,'eFrancisco_da_Costa_Gomes'
2,'eFranco_Frattini'
2,'eFrancois-Xavier_Ortoli'
4,'eFrancois_Baroin'
3,'eFrancois_Bayrou'
5,'eFrancois_Fillon'
2,'eFrancois_Goulard'
2,'eFrancois_Guizot'
2,'eFrancois_Hollande'
3,'eFrancois_Leotard'
1,'eFrancois_Loos'
1,'eFrancois_Missoffe'
3,'eFrancois_Mitterrand'
2,'eFrancois_Patriat'
1,'eFrancois_Rabelais'
1,'eFrancoise_Marie_de_Bourbon'
1,'eFrancoise_de_Panafieu'
3,'eFrank-Walter_Steinmeier'
1,'eFrank_Murkowski'
2,"'eFranklin_Delano_Roosevelt,_Jr.'"
1,'eFranklin_Drilon'
1,'eFranklin_Pierce'
1,'eFranz_Jonas'
2,'eFranz_Josef_Jung'
2,'eFranz_Josef_Strauss'
3,'eFranz_Joseph_I_of_Austria'
3,'eFranz_Muntefering'
1,'eFrederic_Lefebvre'
1,'eFrederic_Thomas'
2,'eFrederica_of_Hanover'
2,'eFrederica_of_Mecklenburg-Strelitz'
1,"'eFrederick,_Duke_of_Bohemia'"
2,'eFrederick_Augustus_III_of_Saxony'
1,'eFrederick_Augustus_II_of_Saxony'
1,'eFrederick_Augustus_I_of_Saxony'
3,"'eFrederick_Christian,_Elector_of_Saxony'"
1,"'eFrederick_Christian,_Margrave_of_Brandenburg-Bayreuth'"
1,"'eFrederick_Francis_II,_Grand_Duke_of_Mecklenburg-Schwerin'"
1,"'eFrederick_Francis_III,_Grand_Duke_of_Mecklenburg-Schwerin'"
1,"'eFrederick_Francis_IV,_Grand_Duke_of_Mecklenburg-Schwerin'"
1,'eFrederick_Frelinghuysen_(lawyer)'
1,"'eFrederick_I,_Duke_of_Anhalt'"
2,"'eFrederick_I,_Duke_of_Saxe-Gotha-Altenburg'"
1,"'eFrederick_I,_Elector_of_Brandenburg'"
1,"'eFrederick_I,_Grand_Duke_of_Baden'"
1,"'eFrederick_I,_Margrave_of_Brandenburg-Ansbach'"
1,"'eFrederick_II,_Duke_of_Saxe-Gotha-Altenburg'"
1,"'eFrederick_II,_Elector_of_Saxony'"
5,"'eFrederick_II,_Holy_Roman_Emperor'"
1,"'eFrederick_II,_Landgrave_of_Hesse-Kassel'"
1,"'eFrederick_III,_Elector_Palatine'"
2,"'eFrederick_III,_German_Emperor'"
2,"'eFrederick_III,_Holy_Roman_Emperor'"
2,'eFrederick_III_of_Denmark'
2,'eFrederick_II_of_Denmark'
1,'eFrederick_II_of_Legnica'
1,'eFrederick_IV_of_Denmark'
2,'eFrederick_IX_of_Denmark'
3,'eFrederick_I_of_Denmark'
2,'eFrederick_I_of_Sweden'
2,'eFrederick_I_of_Wurttemberg'
1,"'eFrederick_Louis,_Hereditary_Grand_Duke_of_Mecklenburg-Schwerin'"
2,"'eFrederick_V,_Elector_Palatine'"
2,'eFrederick_VIII_of_Denmark'
1,'eFrederick_VII_of_Denmark'
1,'eFrederick_VI_of_Denmark'
1,"'eFrederick_William_I,_Duke_of_Saxe-Weimar'"
2,"'eFrederick_William_II,_Duke_of_Saxe-Altenburg'"
2,'eFrederick_William_III_of_Prussia'
1,'eFrederick_William_II_of_Prussia'
2,'eFrederick_William_IV_of_Prussia'
2,'eFrederick_William_I_of_Prussia'
4,'eFrederick_the_Fair'
2,'eFrederick_the_Great'
3,'eFrederika_Louisa_of_Hesse-Darmstadt'
1,'eFredric_Jameson'
1,'eFredrik_Reinfeldt'
2,"'eFriedrich_Christian,_Margrave_of_Meissen'"
2,'eFriedrich_Ebert'
1,'eFriedrich_Engels'
2,'eFriedrich_III_of_Germany'
1,'eFriedrich_Nietzsche'
2,'eFriedrich_Zimmermann'
1,'eFrits_Bolkestein'
1,'eFritz_Neumayer'
1,'eFritz_Schaffer'
1,'eFuad_I_of_Egypt'
2,"'eFulk,_King_of_Jerusalem'"
1,'eGabrielle_Anwar'
1,'eGalba'
1,'eGaleazzo_Ciano'
1,'eGaleazzo_Maria_Sforza'
3,'eGalerius'
1,'eGalla_Placidia'
1,'eGamal_Abdel_Nasser'
1,'eGary_Lewis_(actor)'
3,"'eGaston,_Duke_of_Orleans'"
1,'eGaston_Bachelard'
2,'eGaston_Defferre'
4,'eGaston_Doumergue'
2,'eGaston_Eyskens'
1,'eGaston_Geens'
1,'eGebhard_Muller'
2,'eGeir_Haarde'
1,'eGeorg_Wilhelm_Friedrich_Hegel'
2,"'eGeorge,_Duke_of_Saxony'"
3,"'eGeorge,_King_of_Saxony'"
2,"'eGeorge,_Margrave_of_Brandenburg-Ansbach'"
1,'eGeorge_Deukmejian'
1,"'eGeorge_Frederick,_Margrave_of_Brandenburg-Ansbach'"
3,'eGeorge_H._W._Bush'
1,'eGeorge_III_of_the_United_Kingdom'
1,'eGeorge_II_of_Great_Britain'
2,'eGeorge_II_of_Greece'
2,'eGeorge_IV_of_the_United_Kingdom'
3,'eGeorge_I_of_Great_Britain'
3,'eGeorge_I_of_Greece'
1,'eGeorge_Marshall'
1,'eGeorge_Papandreou'
1,'eGeorge_Reid_(Australian_politician)'
1,"'eGeorge_Robertson,_Baron_Robertson_of_Port_Ellen'"
2,'eGeorge_V'
2,'eGeorge_VI'
2,'eGeorge_VI_of_the_United_Kingdom'
2,'eGeorge_V_of_Hanover'
2,'eGeorge_V_of_the_United_Kingdom'
4,'eGeorge_W._Bush'
1,'eGeorge_Wallace'
1,'eGeorge_Washington'
3,"'eGeorge_William,_Duke_of_Brunswick-Luneburg'"
1,'eGeorge_XII_of_Georgia'
2,'eGeorges_Bidault'
1,'eGeorges_Bonnet'
1,'eGeorges_Catroux'
1,'eGeorges_Clemenceau'
1,'eGeorges_Freche'
1,'eGeorges_Leygues'
3,'eGeorges_Pompidou'
3,'eGeorges_Theunis'
2,'eGerald_Ford'
2,'eGeraldine_Chaplin'
3,'eGerard_Longuet'
2,'eGerhard_Schroder'
1,'eGerhard_Schroder_(CDU)'
1,'eGermaine_of_Foix'
1,'eGermanicus'
4,'eGerrit_Zalm'
2,'eGertrude_Vanderbilt_Whitney'
1,"'eGertrude_of_Babenberg,_Duchess_of_Bohemia'"
1,'eGertrude_of_Hohenburg'
1,'eGertrude_of_Saxony'
1,'eGertrude_of_Supplingenburg'
2,'eGesine_Lotzsch'
1,'eGhulam_Mustafa_Jatoi'
1,'eGianfranco_Fini'
2,'eGilles_de_Robien'
2,'eGiorgio_Napolitano'
3,'eGiovanna_of_Italy'
1,'eGiovanni_Giolitti'
1,'eGiovanni_Gronchi'
1,'eGiovanni_Lajolo'
4,'eGiovanni_Leone'
1,'eGiovanni_Spadolini'
1,'eGirija_Prasad_Koirala'
4,'eGiuliano_Amato'
2,'eGiulio_Andreotti'
1,'eGiulio_Tremonti'
4,'eGiuseppe_Pella'
1,'eGiuseppe_Saragat'
2,'eGloria_Macapagal-Arroyo'
1,'eGlynis_Johns'
1,'eGoh_Chok_Tong'
1,'eGoodluck_Jonathan'
2,'eGoran_Persson'
1,'eGordian_I'
1,'eGordon_Bajnai'
1,'eGordon_Blake'
1,'eGordon_Brown'
1,'eGough_Whitlam'
3,'eGrand_Duchess_Anna_Pavlovna_of_Russia'
2,'eGrand_Duchess_Maria_Nikolaevna_of_Russia_(1819-1876)'
2,'eGrand_Duchess_Maria_Pavlovna_of_Russia_(1786-1859)'
2,'eGrand_Duchess_Xenia_Alexandrovna_of_Russia'
2,'eGrand_Duke_Alexander_Mikhailovich_of_Russia'
2,'eGrand_Duke_Alexei_Alexandrovich_of_Russia'
2,'eGrand_Duke_Alexei_Mikhailovich_of_Russia'
2,'eGrand_Duke_Constantine_Pavlovich_of_Russia'
2,'eGrand_Duke_George_Mikhailovich_of_Russia_(1863-1919)'
2,'eGrand_Duke_Konstantin_Konstantinovich_of_Russia'
2,'eGrand_Duke_Konstantin_Nikolayevich_of_Russia'
3,'eGrand_Duke_Michael_Alexandrovich_of_Russia'
2,'eGrand_Duke_Michael_Nikolaevich_of_Russia'
2,'eGrand_Duke_Michael_Pavlovich_of_Russia'
2,'eGrand_Duke_Nicholas_Nikolaevich_of_Russia_(1831-1891)'
1,'eGrand_Duke_Nicholas_Nikolaevich_of_Russia_(1856-1929)'
2,'eGrand_Duke_Paul_Alexandrovich_of_Russia'
1,'eGrand_Duke_Peter_Nikolaevich_of_Russia'
2,'eGrand_Duke_Vladimir_Alexandrovich_of_Russia'
6,'eGratian'
1,'eGray_Davis'
1,'eGriffin_Dunne'
1,'eGrover_Cleveland'
2,'eGrzegorz_Schetyna'
1,'eGuangxu_Emperor'
1,'eGuido_Westerwelle'
1,'eGuillaume_Depardieu'
1,'eGuillermo_Leon_Valencia'
2,'eGulzarilal_Nanda'
4,'eGunhilda_of_Denmark'
2,'eGunter_Verheugen'
1,'eGunther_Oettinger'
1,'eGuntis_Ulmanis'
1,'eGuru_Gobind_Singh'
2,'eGustaf_VI_Adolf_of_Sweden'
2,'eGustaf_V_of_Sweden'
1,'eGustav_Heinemann'
2,'eGustav_Husak'
2,'eGustav_III_of_Sweden'
1,'eGustav_IV_Adolf_of_Sweden'
1,'eGustav_I_of_Sweden'
2,'eGustave_Sap'
2,"'eGuy,_Count_of_Flanders'"
1,'eGuy_Debord'
1,'eGuy_Mollet'
1,'eGuy_of_Lusignan'
2,'eGwyneth_Paltrow'
1,'eGyanendra_of_Nepal'
1,'eH._Guy_Hunt'
3,'eHaakon_VII_of_Norway'
2,'eHabib_Ben_Yahia'
2,'eHabib_Boulares'
2,'eHabib_Thiam'
1,'eHadrian'
1,'eHaile_Selassie_I_of_Ethiopia'
1,'eHailemariam_Desalegn'
1,'eHalldor_Asgrimsson'
1,'eHamadi_Jebali'
1,'eHamid_Karzai'
1,'eHans-Christoph_Seebohm'
3,'eHans-Dietrich_Genscher'
1,'eHans-Gert_Pottering'
1,'eHans-Joachim_von_Merkatz'
1,'eHans-Jochen_Vogel'
1,'eHans_Apel'
1,'eHans_Dijkstal'
3,'eHans_Eichel'
1,'eHans_Hedtoft'
1,'eHans_Hoogervorst'
2,'eHans_Matthofer'
2,'eHarald_V_of_Norway'
1,'eHarlem_Desir'
1,'eHarold_Holt'
1,'eHarold_Macmillan'
2,'eHarold_Martin_(politician)'
1,'eHarold_Wilson'
1,'eHarriet_Harman'
1,"'eHarry_Carey,_Jr.'"
1,'eHassan_II_of_Morocco'
1,'eHayley_Mills'
2,'eHedi_Amara_Nouira'
1,"'eHedwig_Jagiellon,_Electress_of_Brandenburg'"
1,'eHedwig_of_Kalisz'
2,'eHeinrich_Himmler'
1,'eHeinrich_Lubke'
1,'eHeinz_Fischer'
1,'eHeinz_Hoffmann'
1,'eHeinz_Kessler'
2,'eHelle_Thorning-Schmidt'
3,'eHelmut_Kohl'
3,'eHelmut_Schmidt'
3,'eHenk_Kamp'
3,"'eHenri,_Count_of_Chambord'"
2,"'eHenri,_Count_of_Paris'"
2,"'eHenri,_Grand_Duke_of_Luxembourg'"
4,'eHenri_Brisson'
2,'eHenri_Carton_de_Wiart'
1,'eHenri_Cuq'
4,'eHenri_Emmanuelli'
1,'eHenri_Giraud'
4,'eHenri_Jaspar'
1,'eHenri_Konan_Bedie'
3,'eHenri_Queuille'
2,"'eHenri_dOrleans,_Count_of_Paris'"
4,'eHenrietta_Maria_of_France'
1,"'eHenrik,_Prince_Consort_of_Denmark'"
2,"'eHenry,_King_of_Portugal'"
1,'eHenry_Campbell-Bannerman'
1,"'eHenry_I,_Landgrave_of_Hesse'"
3,"'eHenry_I,_Margrave_of_Brandenburg-Stendal'"
1,"'eHenry_II,_Count_of_Champagne'"
2,"'eHenry_II,_Duke_of_Austria'"
2,"'eHenry_II,_Duke_of_Lorraine'"
1,"'eHenry_II,_Holy_Roman_Emperor'"
2,"'eHenry_III,_Holy_Roman_Emperor'"
4,'eHenry_III_of_England'
4,'eHenry_III_of_France'
2,'eHenry_II_of_Castile'
2,'eHenry_II_of_England'
2,'eHenry_II_of_France'
2,'eHenry_II_the_Pious'
2,"'eHenry_IV,_Duke_of_Saxony'"
2,"'eHenry_IV,_Holy_Roman_Emperor'"
3,'eHenry_IV_of_England'
3,'eHenry_IV_of_France'
3,'eHenry_I_of_England'
1,'eHenry_I_of_France'
4,'eHenry_I_the_Bearded'
1,"'eHenry_V,_Count_Palatine_of_the_Rhine'"
2,"'eHenry_V,_Holy_Roman_Emperor'"
3,"'eHenry_VI,_Holy_Roman_Emperor'"
2,'eHenry_VIII_of_England'
4,'eHenry_VI_of_England'
4,'eHenry_V_of_England'
1,"'eHenry_X,_Duke_of_Bavaria'"
3,'eHenry_of_Bohemia'
2,'eHenry_of_Castile_the_Senator'
3,'eHenry_of_Flanders'
3,'eHenry_the_Lion'
1,'eHenryk_IV_Probus'
1,'eHeraclitus'
1,'eHerbert_Hoover'
1,'eHerman_Van_Rompuy'
3,'eHerve_Gaymard'
1,'eHerve_Mariton'
1,'eHerve_Morin'
2,'eHerve_Novelli'
3,'eHerve_de_Charette'
1,'eHilla_Limann'
3,'eHirohisa_Fujii'
2,'eHirohito'
1,'eHiroshi_Nakai'
1,'eHong_Taiji'
2,'eHonorius_(emperor)'
3,'eHorst_Ehmke'
1,'eHorst_Kohler'
4,'eHorst_Seehofer'
1,'eHorst_Sindermann'
1,'eHortense_de_Beauharnais'
1,'eHoward_Dean'
1,'eHrithik_Roshan'
1,'eHu_Jintao'
2,'eHua_Guofeng'
1,'eHubert_Humphrey'
1,'eHudson_Taylor'
1,"'eHugh_IV,_Duke_of_Burgundy'"
1,'eHuitzilihuitl'
1,"'eHumbert_III,_Count_of_Savoy'"
3,"'eHumphrey_of_Lancaster,_1st_Duke_of_Gloucester'"
1,'eHusayn_ibn_Ali'
1,'eHussein_Kamel_of_Egypt'
2,'eHussein_of_Jordan'
1,'eIbrahim_Boubacar_Keita'
1,'eIbrahim_Ismail_Chundrigar'
1,'eIbrahim_of_the_Ottoman_Empire'
2,'eIchiro_Ozawa'
2,'eIgnacy_Moscicki'
1,'eIgnazio_La_Russa'
1,'eIlham_Aliyev'
2,'eImee_Marcos'
1,'eImre_Nagy'
1,'eIndira_Gandhi'
1,'eIndrajith_Sukumaran'
1,'eIndulis_Emsis'
2,'eInfanta_Catherine_Michelle_of_Spain'
2,"'eInfanta_Cristina,_Duchess_of_Palma_de_Mallorca'"
2,"'eInfanta_Luisa_Fernanda,_Duchess_of_Montpensier'"
2,'eInfanta_Maria_Ana_Vitoria_of_Portugal'
2,'eInfanta_Maria_Anna_of_Portugal_(1843-1884)'
2,'eInfanta_Marie_Anne_of_Portugal'
2,"'eInfante_Carlos,_Count_of_Molina'"
2,"'eInfante_Juan,_Count_of_Barcelona'"
3,'eIngrid_of_Sweden'
2,'eIngvar_Carlsson'
1,'eIon_Iliescu'
1,'eIrene_Angelina'
2,'eIrene_Joliot-Curie'
1,'eIsaac_II_Angelos'
1,'eIsabeau_of_Bavaria'
3,"'eIsabel,_Princess_Imperial_of_Brazil'"
1,'eIsabel_Martinez_de_Peron'
2,"'eIsabella,_Duchess_of_Lorraine'"
3,'eIsabella_Clara_Eugenia'
2,'eIsabella_II_of_Spain'
4,'eIsabella_I_of_Jerusalem'
2,'eIsabella_Rossellini'
1,'eIsabella_of_Angouleme'
2,'eIsabella_of_Aragon'
3,'eIsabella_of_Austria'
2,'eIsabella_of_Castile'
1,'eIsabella_of_Coimbra'
3,'eIsabella_of_England'
4,'eIsabella_of_France'
5,'eIsabella_of_Portugal'
5,"'eIsabella_of_Portugal,_Duchess_of_Burgundy'"
2,'eIsabella_of_Valois'
3,'eIsabelle_of_Hainaut'
1,'eIsmet_Inonu'
2,'eItamar_Franco'
1,'eIvan_Gasparovic'
2,'eIvan_V_of_Russia'
1,'eIvan_the_Terrible'
1,'eIvanoe_Bonomi'
1,'eIvars_Godmanis'
1,'eIvo_Opstelten'
1,'eIvo_Sanader'
4,'eIziaslav_I_of_Kiev'
1,'eJ._B._M._Hertzog'
1,'eJ._J._Philbin'
1,'eJ._R._Jayewardene'
2,'eJaan_Tonisson'
2,'eJaap_de_Hoop_Scheffer'
1,"'eJack_Haley,_Jr.'"
3,'eJack_Lang_(French_politician)'
2,'eJack_Layton'
1,'eJack_Lew'
1,'eJack_Lynch'
1,'eJacob_Zuma'
1,"'eJacqueline,_Countess_of_Hainaut'"
2,'eJacqueline_Kennedy_Onassis'
1,'eJacques_Audiard'
8,'eJacques_Barrot'
5,'eJacques_Chaban-Delmas'
9,'eJacques_Chirac'
1,'eJacques_Delors'
1,'eJacques_Santer'
3,'eJacques_Toubon'
1,'eJacques_Tourneur'
1,'eJacques_de_Larosiere'
2,'eJaden_Smith'
1,'eJadranka_Kosor'
1,'eJadwiga_Pilsudska'
1,'eJakaya_Kikwete'
1,'eJake_Busey'
2,'eJake_Gyllenhaal'
1,'eJakup_Krasniqi'
1,'eJames_Buchanan'
1,'eJames_Callaghan'
2,'eJames_Cromwell'
1,'eJames_F._Byrnes'
1,"'eJames_II,_Count_of_La_Marche'"
2,'eJames_II_of_Aragon'
3,'eJames_II_of_England'
2,'eJames_II_of_Scotland'
1,'eJames_I_of_Aragon'
1,'eJames_K._Polk'
2,'eJames_Louis_Sobieski'
1,'eJames_MacArthur'
1,'eJames_Madison'
2,'eJames_Monroe'
2,'eJames_Roosevelt'
2,'eJames_Rudolph_Garfield'
2,'eJames_V_of_Scotland'
2,'eJamie_Lee_Curtis'
1,'eJan_Brewer'
2,'eJan_Figel'
1,'eJan_Fischer_(politician)'
1,'eJan_Hendrik_Hofmeyr_(1894-1948)'
1,'eJan_Kees_de_Jager'
2,'eJan_Peter_Balkenende'
2,'eJan_Smuts'
1,'eJane_Fonda'
1,'eJane_Seymour'
1,'eJanet_Jagan'
1,'eJanez_Drnovsek'
1,'eJanez_Jansa'
2,'eJanos_Ader'
2,'eJanos_Kadar'
2,'eJared_Harris'
2,'eJaroslaw_Kaczynski'
2,'eJason_Connery'
1,'eJason_Patric'
1,'eJason_Reitman'
1,'eJason_Ritter'
1,'eJason_Robards'
1,'eJaved_Jaffrey'
3,'eJavier_Arenas_(Spanish_politician)'
1,'eJavier_Perez_de_Cuellar'
1,'eJavier_Solana'
1,'eJay_Hammond'
1,'eJay_Rockefeller'
1,'eJaycee_Chan'
2,"'eJean,_Grand_Duke_of_Luxembourg'"
1,'eJean-Bernard_Raimond'
1,'eJean-Bertrand_Aristide'
3,'eJean-Claude_Gaudin'
1,'eJean-Claude_Juncker'
2,'eJean-Claude_Trichet'
7,'eJean-Francois_Cope'
2,'eJean-Jack_Queyranne'
1,'eJean-Jacques_Rousseau'
2,'eJean-Louis_Bianco'
5,'eJean-Louis_Borloo'
3,'eJean-Louis_Debre'
1,'eJean-Luc_Dehaene'
2,'eJean-Marc_Ayrault'
2,'eJean-Marcel_Jeanneney'
1,'eJean-Michel_Baylet'
1,'eJean-Paul_Sartre'
3,'eJean-Pierre_Chevenement'
1,'eJean-Pierre_Raffarin'
1,'eJean-Pierre_Soisson'
1,'eJean-Yves_Le_Drian'
1,'eJean-de-Dieu_Soult'
1,'eJean_Baudrillard'
1,'eJean_Casimir_Perier'
2,'eJean_Charest'
1,'eJean_Chretien'
1,'eJean_Duvieusart'
1,"'eJean_II,_Duke_of_Alencon'"
1,'eJean_Leonetti'
1,'eJean_Michel_Jarre'
1,'eJean_Tiberi'
2,'eJeanne_dAlbret'
2,'eJeb_Bush'
1,'eJeff_Bridges'
1,'eJeff_Buckley'
2,'eJenna_Bush_Hager'
1,'eJennifer_Ehle'
1,'eJennifer_Howard'
2,'eJennifer_Jason_Leigh'
1,'eJens_Bohrnsen'
2,'eJens_Stoltenberg'
2,'eJerome_Bonaparte'
1,'eJerome_Cahuzac'
3,'eJerry_Brown'
1,'eJerry_Rawlings'
2,'eJerzy_Buzek'
1,"'eJesse_Jackson,_Jr.'"
1,'eJiang_Zemin'
1,'eJiaqing_Emperor'
1,'eJim_Gibbons_(U.S._politician)'
1,'eJim_Guy_Tucker'
1,'eJim_Risch'
1,'eJim_Webb'
2,'eJimmy_Carter'
2,'eJoachim_Gauck'
1,"'eJoachim_III_Frederick,_Elector_of_Brandenburg'"
2,'eJoachim_Murat'
2,"'eJoan,_Countess_of_Flanders'"
1,"'eJoan_Beaufort,_Countess_of_Westmorland'"
1,"'eJoan_Beaufort,_Queen_of_Scots'"
2,'eJoan_II_of_Navarre'
2,'eJoan_I_of_Navarre'
2,'eJoan_of_Acre'
4,"'eJoan_of_France,_Duchess_of_Berry'"
2,"'eJoan_of_France,_Duchess_of_Brittany'"
3,"'eJoan_of_Navarre,_Queen_of_England'"
3,"'eJoan_of_Valois,_Queen_of_Navarre'"
2,'eJoan_the_Lame'
1,"'eJoanna,_Duchess_of_Brabant'"
4,'eJoanna_II_of_Naples'
2,'eJoanna_la_Beltraneja'
2,'eJoanna_of_Bourbon'
3,'eJoanna_of_Castile'
1,'eJoao_Goulart'
1,'eJoao_do_Canto_e_Castro'
2,'eJoaquin_Almunia'
1,'eJob_Cohen'
3,'eJobst_of_Moravia'
1,'eJoe_Biden'
1,'eJoe_Clark'
1,'eJoe_Hill_(writer)'
1,'eJoe_Lieberman'
2,'eJoely_Richardson'
1,'eJohan_Remkes'
1,'eJohan_Vande_Lanotte'
2,'eJohan_Witteveen'
1,'eJohann_Schober'
2,"'eJohann_Wilhelm,_Elector_Palatine'"
1,'eJohanna_Sigurdardottir'
1,'eJohannes_Rau'
2,"'eJohn,_Dauphin_of_France,_Duke_of_Touraine'"
2,"'eJohn,_Duke_of_Berry'"
2,"'eJohn,_King_of_Denmark'"
2,"'eJohn,_King_of_England'"
1,'eJohn_Abbott'
1,'eJohn_Adams'
1,'eJohn_Boehner'
1,"'eJohn_D._Rockefeller,_Jr.'"
2,'eJohn_D._Rockefeller_III'
2,'eJohn_Drew_Barrymore'
2,'eJohn_Eisenhower'
4,'eJohn_F._Kennedy'
3,"'eJohn_Frederick,_Duke_of_Brunswick-Luneburg'"
1,"'eJohn_Frederick,_Duke_of_Wurttemberg'"
1,"'eJohn_Frederick_II,_Duke_of_Saxony'"
2,'eJohn_Gorton'
4,"'eJohn_Henry,_Margrave_of_Moravia'"
1,'eJohn_Hickenlooper'
2,'eJohn_Howard'
1,'eJohn_Huston'
1,"'eJohn_II,_Duke_of_Bourbon'"
2,"'eJohn_II,_Duke_of_Saxe-Weimar'"
1,"'eJohn_III,_Duke_of_Brittany'"
1,'eJohn_III_of_Sweden'
3,'eJohn_II_Casimir_Vasa'
3,'eJohn_II_of_Aragon'
2,'eJohn_II_of_France'
1,"'eJohn_IV,_Duke_of_Brittany'"
1,'eJohn_IV_of_Portugal'
2,'eJohn_I_Albert'
1,'eJohn_I_of_Aragon'
2,'eJohn_I_of_Portugal'
1,'eJohn_Kerry'
1,'eJohn_Key'
1,"'eJohn_Lambton,_1st_Earl_of_Durham'"
3,'eJohn_Major'
2,'eJohn_McCain'
1,'eJohn_McEwen'
1,'eJohn_Parke_Custis'
1,"'eJohn_Philip,_Duke_of_Saxe-Altenburg'"
3,'eJohn_Quincy_Adams'
2,"'eJohn_Russell,_1st_Earl_Russell'"
1,'eJohn_Shimkus'
3,"'eJohn_Sigismund,_Elector_of_Brandenburg'"
1,'eJohn_Sparrow_David_Thompson'
1,'eJohn_Turner'
1,'eJohn_Tyler'
2,"'eJohn_V,_Duke_of_Brittany'"
2,"'eJohn_VI,_Duke_of_Brittany'"
1,'eJohn_VIII_Palaiologos'
2,'eJohn_VI_Kantakouzenos'
2,'eJohn_VI_of_Portugal'
3,'eJohn_V_Palaiologos'
2,'eJohn_V_of_Portugal'
1,"'eJohn_William,_Duke_of_Julich-Cleves-Berg'"
2,"'eJohn_William,_Duke_of_Saxe-Weimar'"
3,'eJohn_of_Bohemia'
3,'eJohn_of_England'
2,"'eJohn_of_Gaunt,_1st_Duke_of_Lancaster'"
4,"'eJohn_of_Lancaster,_1st_Duke_of_Bedford'"
1,'eJohn_of_Saxony'
2,'eJohn_the_Fearless'
1,"'eJon_Huntsman,_Jr.'"
1,'eJonah_Kuhio_Kalaniana`ole'
1,'eJoop_den_Uyl'
1,'eJordan_Ladd'
1,'eJorge_Sampaio'
1,'eJorge_Semprun'
1,'eJose_Antonio_Primo_de_Rivera'
1,'eJose_Baptista_Pinheiro_de_Azevedo'
1,'eJose_Garcia-Margallo_y_Marfil'
1,'eJose_Luis'
2,'eJose_Luis_Rodriguez_Zapatero'
1,'eJose_Manuel_Barroso'
2,'eJose_Norton_de_Matos'
1,'eJose_P._Laurel'
1,'eJose_Ramos-Horta'
1,'eJose_de_Castro'
1,'eJose_de_San_Martin'
3,'eJoseph_Bonaparte'
1,'eJoseph_Caillaux'
1,'eJoseph_Deiss'
1,'eJoseph_Estrada'
1,'eJoseph_Fiennes'
1,'eJoseph_Goebbels'
3,"'eJoseph_I,_Holy_Roman_Emperor'"
3,"'eJoseph_II,_Holy_Roman_Emperor'"
1,'eJoseph_Smith'
1,'eJosephine_de_Beauharnais'
2,'eJosephine_of_Leuchtenberg'
1,'eJosh_Brolin'
1,'eJosh_Evans_(film_producer)'
1,'eJosip_Broz_Tito'
1,'eJoyce_Banda'
1,'eJoyce_Cheng'
1,'eJozias_van_Aartsen'
2,'eJozua_Francois_Naude'
3,'eJuan_Carlos_I_of_Spain'
1,'eJuan_Manuel_Santos'
1,'eJuan_Peron'
1,'eJudith_of_Flanders'
3,'eJudith_of_Habsburg'
2,'eJudith_of_Swabia'
1,'eJudy_Davis'
2,'eJuho_Kusti_Paasikivi'
2,'eJules_Ferry'
2,'eJules_Renkin'
2,'eJulia_Gillard'
2,'eJulia_the_Elder'
1,'eJulian_(emperor)'
1,'eJulian_Lennon'
1,'eJulian_McMahon'
2,'eJuliana_of_the_Netherlands'
2,'eJulie_Clary'
1,'eJuliet_Mills'
1,'eJuliette_Lewis'
1,'eJulio_Cesar_Turbay_Ayala'
1,'eJulius_Nepos'
1,'eJulius_Sterling_Morton'
1,'eJune_Lockhart'
1,'eJunichiro_Koizumi'
1,'eJurgen_Ruttgers'
1,'eJurgen_Schmude'
2,'eJurgen_Trittin'
1,'eJurgen_Warnke'
1,'eJustin_Trudeau'
1,'eKai-Uwe_von_Hassel'
1,'eKajol'
2,'eKalakaua'
1,'eKalevi_Sorsa'
2,'eKamehameha_II'
3,'eKamehameha_III'
3,'eKamehameha_IV'
4,'eKamehameha_V'
1,'eKangxi_Emperor'
2,'eKareena_Kapoor_Khan'
2,'eKaren_Ellemann'
1,'eKaren_Jespersen'
2,'eKarisma_Kapoor'
1,'eKarl-Theodor_zu_Guttenberg'
1,"'eKarl_August,_Grand_Duke_of_Saxe-Weimar-Eisenach'"
2,'eKarl_Carstens'
1,'eKarl_Donitz'
1,'eKarl_Marx'
1,'eKarl_Schiller'
2,"'eKarl_Theodor,_Duke_in_Bavaria'"
1,'eKarol_Stanislaw_Radziwill_(1669-1719)'
1,'eKarthi'
1,'eKarthik_(actor)'
1,'eKarthik_Raja'
1,'eKate_Hudson'
1,'eKatey_Sagal'
2,"'eKathleen_Cavendish,_Marchioness_of_Hartington'"
2,'eKatsuya_Okada'
1,'eKay_A._Orr'
1,'eKay_Hagan'
1,'eKazimierz_Marcinkiewicz'
3,'eKeelikolani'
1,'eKeenan_Wynn'
1,'eKeizo_Obuchi'
1,'eKekauluohi'
2,'eKelly_Osbourne'
1,'eKenny_Guinn'
2,'eKevin_Rudd'
2,'eKhawaja_Nazimuddin'
1,'eKiefer_Sutherland'
1,'eKim_Campbell'
1,'eKim_Jong-il'
1,'eKim_Jong-un'
1,'eKim_Kardashian'
2,'eKina`u'
2,'eKjell_Magne_Bondevik'
3,'eKlaus_Ernst'
2,'eKlaus_Kinkel'
1,'eKlaus_Wowereit'
1,'eKoel_Mallick'
1,'eKofi_Annan'
1,'eKoichi_Sato'
3,'eKonrad_I_of_Masovia'
2,'eKonstantin_Chernenko'
2,'eKonstantin_Pats'
1,'eKostas_Axelos'
1,'eKris_Aquino'
1,'eKristin_Gore'
1,'eKumar_Gaurav'
1,'eKunigunda_of_Halych'
2,'eKunigunde_of_Austria'
3,'eKunigunde_of_Hohenstaufen'
2,'eKurt_Beck'
1,'eKurt_Daluege'
1,'eKurt_Furgler'
2,'eKurt_Georg_Kiesinger'
2,'eKurt_Schmucker'
1,'eKurt_Waldheim'
1,'eKurt_Wunsche'
1,'eKy-Mani_Marley'
1,'eKyle_Eastwood'
2,'eLadislaus_of_Naples'
1,'eLady_Bird_Johnson'
1,'eLady_Catherine_Grey'
1,'eLaimdota_Straujuma'
1,'eLal_Bahadur_Shastri'
1,'eLamar_Alexander'
1,'eLamberto_Bava'
2,'eLamberto_Dini'
1,'eLandgravine_Friederike_of_Hesse-Darmstadt'
1,'eLarry_Hagman'
2,'eLars_Barfoed'
2,'eLars_Lokke_Rasmussen'
2,'eLaszlo_Kover'
1,'eLaszlo_Solyom'
2,'eLaura_Dern'
2,'eLaurance_Rockefeller'
1,'eLaurens_Jan_Brinkhorst'
6,'eLaurent_Fabius'
2,'eLaurent_Gbagbo'
3,'eLaurent_Wauquiez'
2,'eLaurette_Onkelinx'
1,'eLech_Walesa'
2,'eLee_Hsien_Loong'
1,'eLee_Myung-bak'
1,'eLee_Radziwill'
1,'eLene_Espersen'
2,'eLennart_Meri'
1,'eLeo_VI_the_Wise'
1,'eLeo_von_Caprivi'
4,'eLeon_Blum'
5,'eLeon_Bourgeois'
2,'eLeon_Delacroix'
1,'eLeon_Gambetta'
1,'eLeon_Panetta'
2,"'eLeopold,_Duke_of_Lorraine'"
1,"'eLeopold,_Grand_Duke_of_Baden'"
2,"'eLeopold_I,_Holy_Roman_Emperor'"
1,"'eLeopold_II,_Grand_Duke_of_Tuscany'"
4,"'eLeopold_II,_Holy_Roman_Emperor'"
3,"'eLeopold_III,_Duke_of_Austria'"
2,'eLeopold_III_of_Belgium'
2,'eLeopold_II_of_Belgium'
2,'eLeopold_I_of_Belgium'
1,'eLeopoldo_Calvo-Sotelo'
1,'eLes_Aspin'
4,'eLeszek_I_the_White'
1,'eLeszek_Miller'
1,'eLevi_Eshkol'
1,'eLi_Peng'
1,'eLi_Xiannian'
1,'eLiaquat_Ali_Khan'
3,'eLicinius'
2,"'eLilian,_Princess_of_Rethy'"
1,'eLily_Allen'
1,'eLindbergh_kidnapping'
5,'eLionel_Jospin'
2,"'eLionel_of_Antwerp,_1st_Duke_of_Clarence'"
1,'eLisa_Marie_Presley'
1,'eLiu_Shaoqi'
1,'eLiv_Tyler'
2,'eLiza_Minnelli'
1,'eLloyd_Osbourne'
3,'eLodewijk_Asscher'
1,"'eLon_Chaney,_Jr.'"
2,'eLorenzo_Lamas'
1,'eLorenzo_de_Medici'
1,'eLothair_I'
1,'eLou_Henry_Hoover'
3,"'eLouis,_Dauphin_of_France,_Duke_of_Burgundy'"
2,"'eLouis,_Dauphin_of_France_(1729-1765)'"
1,"'eLouis,_Duke_of_Savoy'"
1,"'eLouis,_Duke_of_Vendome'"
4,"'eLouis,_Grand_Dauphin'"
2,"'eLouis,_King_of_Etruria'"
1,"'eLouis_Antoine,_Duke_of_Angouleme'"
1,'eLouis_Beel'
3,'eLouis_Bonaparte'
4,"'eLouis_I,_Duke_of_Anjou'"
2,"'eLouis_I,_Duke_of_Orleans'"
1,'eLouis_II_of_Naples'
2,"'eLouis_IV,_Holy_Roman_Emperor'"
2,'eLouis_IX_of_France'
3,'eLouis_I_of_Hungary'
2,'eLouis_I_of_Spain'
1,'eLouis_Joxe'
3,'eLouis_Mermaz'
1,"'eLouis_Mountbatten,_1st_Earl_Mountbatten_of_Burma'"
3,'eLouis_Philippe_I'
1,"'eLouis_Philippe_I,_Duke_of_Orleans'"
2,'eLouis_VIII_of_France'
3,'eLouis_VII_of_France'
2,'eLouis_VI_of_France'
2,'eLouis_XIII_of_France'
2,'eLouis_XII_of_France'
3,'eLouis_XIV_of_France'
3,'eLouis_XI_of_France'
5,'eLouis_XVIII_of_France'
4,'eLouis_XVI_of_France'
2,'eLouis_XV_of_France'
2,'eLouis_X_of_France'
3,"'eLouis_dOrleans,_Duke_of_Orleans'"
2,'eLouis_the_Blind'
1,'eLouis_the_German'
3,'eLouis_the_Pious'
1,'eLouis_the_Stammerer'
3,'eLouisa_Ulrika_of_Prussia'
4,'eLouise_Elisabeth_dOrleans'
2,'eLouise_Elisabeth_of_France'
1,'eLouise_Marie_Therese_dArtois'
2,'eLouise_of_Great_Britain'
1,'eLouise_of_Mecklenburg-Gustrow'
3,'eLouise_of_Mecklenburg-Strelitz'
1,'eLouise_of_Orleans'
3,'eLouise_of_Sweden'
1,'eLouise_of_the_Netherlands'
3,'eLuc_Chatel'
2,'eLucien_Bonaparte'
1,'eLucien_Bouchard'
1,'eLucky_Ali'
1,'eLucrezia_Borgia'
2,'eLudwig_Erhard'
1,'eLudwig_III_of_Bavaria'
2,'eLudwig_I_of_Bavaria'
1,'eLuigi_Einaudi'
1,'eLuis_Carrero_Blanco'
3,'eLuis_I_of_Portugal'
1,'eLuisa_de_Guzman'
2,"'eLuitpold,_Prince_Regent_of_Bavaria'"
1,'eLuiz_Inacio_Lula_da_Silva'
1,'eLurleen_Wallace'
2,'eLyndon_B._Johnson'
1,'eLynn_Redgrave'
1,'eLysimachus'
1,'eM._K._Alagiri'
1,'eMa_Ying-jeou'
1,'eMackenzie_Astin'
1,'eMackenzie_Phillips'
1,'eMadeleine_Albright'
2,'eMaggie_Gyllenhaal'
2,'eMaggie_Hassan'
1,'eMagnus_IV_of_Sweden'
4,'eMagnus_Maximus'
1,'eMahathir_Mohamad'
1,'eMahesh_Babu'
2,'eMahidol_Adulyadej'
1,'eMahmoud_Abbas'
2,'eMahmoud_Ahmadinejad'
1,'eMalcolm_Fraser'
1,'eMamata_Shankar'
1,"'eManfred,_King_of_Sicily'"
1,'eManfred_Worner'
1,'eMansoor_Khan'
1,'eManuel_II_Palaiologos'
2,'eManuel_II_of_Portugal'
1,'eManuel_I_of_Portugal'
1,'eManuel_L._Quezon'
1,'eManuel_Roxas'
1,'eManuel_Valls'
2,'eMarais_Viljoen'
1,'eMarcelo_Caetano'
1,'eMarek_Belka'
2,"'eMargaret,_Countess_of_Anjou'"
4,"'eMargaret_I,_Countess_of_Flanders'"
3,"'eMargaret_II,_Countess_of_Flanders'"
1,"'eMargaret_III,_Countess_of_Flanders'"
1,'eMargaret_I_of_Denmark'
1,"'eMargaret_Jay,_Baroness_Jay_of_Paddington'"
1,'eMargaret_Thatcher'
3,'eMargaret_Theresa_of_Spain'
2,'eMargaret_Tudor'
1,'eMargaret_de_Clare'
2,"'eMargaret_of_Austria,_Queen_of_Bohemia'"
3,"'eMargaret_of_Austria,_Queen_of_Spain'"
1,'eMargaret_of_Bavaria'
2,'eMargaret_of_Brabant'
1,'eMargaret_of_Durazzo'
3,"'eMargaret_of_France,_Queen_of_England'"
1,'eMargaret_of_Parma'
3,'eMargaret_of_Provence'
2,"'eMargaret_of_Savoy,_Countess_of_Saint-Pol'"
2,"'eMargaret_of_Savoy,_Duchess_of_Anjou'"
1,"'eMargaret_of_Scotland,_Queen_of_Norway'"
4,'eMargaret_of_Valois'
2,'eMargherita_of_Savoy'
1,'eMargot_Honecker'
2,'eMargrethe_II_of_Denmark'
1,'eMaria_Alexandrovna_(Marie_of_Hesse)'
3,'eMaria_Amalia_of_Austria'
3,'eMaria_Amalia_of_Saxony'
3,'eMaria_Anna_of_Austria'
1,'eMaria_Anna_of_Bavaria_(1551-1608)'
1,'eMaria_Anna_of_Bavaria_(1574-1616)'
3,'eMaria_Anna_of_Savoy'
2,'eMaria_Anna_of_Spain'
3,'eMaria_Antonia_Ferdinanda_of_Spain'
1,"'eMaria_Beatrice_dEste,_Duchess_of_Massa'"
2,'eMaria_Beatrice_of_Savoy'
4,'eMaria_Carolina_of_Austria'
3,"'eMaria_Christina,_Duchess_of_Teschen'"
2,'eMaria_Christina_of_Austria'
2,'eMaria_Christina_of_the_Two_Sicilies'
3,'eMaria_Cristina_of_Savoy'
3,'eMaria_Feodorovna_(Dagmar_of_Denmark)'
3,'eMaria_Feodorovna_(Sophie_Dorothea_of_Wurttemberg)'
1,'eMaria_Francisca_of_Savoy'
3,'eMaria_II_of_Portugal'
2,'eMaria_I_of_Portugal'
2,'eMaria_Isabella_of_Spain'
2,'eMaria_Josepha_of_Austria'
2,"'eMaria_Josepha_of_Saxony,_Dauphine_of_France'"
1,'eMaria_Laskarina'
4,'eMaria_Leopoldina_of_Austria'
2,'eMaria_Luisa_of_Parma'
2,'eMaria_Luisa_of_Savoy'
3,'eMaria_Luisa_of_Spain'
3,'eMaria_Pia_of_Savoy'
2,'eMaria_Shriver'
3,'eMaria_Sophia_of_Neuburg'
2,"'eMaria_Teresa,_Grand_Duchess_of_Luxembourg'"
3,'eMaria_Teresa_Fernandez_de_la_Vega'
2,'eMaria_Theresa'
5,'eMaria_Theresa_of_Austria'
1,"'eMaria_Theresa_of_Austria,_Queen_of_the_Two_Sicilies'"
2,"'eMaria_Theresa_of_Austria-Este,_Queen_of_Sardinia'"
2,'eMaria_Theresa_of_Austria-Este_(1849-1919)'
2,'eMaria_Theresa_of_Austria_(1816-1867)'
2,'eMaria_Theresa_of_Spain'
1,'eMaria_Vittoria_dal_Pozzo'
2,"'eMaria_of_Aragon,_Queen_of_Portugal'"
2,"'eMaria_of_Austria,_Holy_Roman_Empress'"
2,"'eMaria_of_Castile,_Queen_of_Aragon'"
2,'eMaria_of_Swabia'
2,'eMaria_of_Yugoslavia'
4,'eMariana_Victoria_of_Spain'
3,'eMariana_of_Austria'
1,'eMariano_Ospina_Perez'
5,'eMariano_Rajoy'
3,'eMariano_Rumor'
1,"'eMarie,_Countess_of_Harcourt'"
1,"'eMarie,_Duchess_of_Auvergne'"
1,'eMarie-Josee_Roig'
1,'eMarie-Pierre_Koenig'
3,'eMarie_Antoinette'
1,'eMarie_Casimire_Louise_de_La_Grange_dArquien'
2,'eMarie_Henriette_of_Austria'
3,'eMarie_Jose_of_Belgium'
3,'eMarie_Leszczynska'
3,"'eMarie_Louise,_Duchess_of_Parma'"
1,'eMarie_Malavoy'
1,'eMarie_Osmond'
3,'eMarie_Therese_of_Austria'
3,'eMarie_de_Medici'
3,'eMarie_of_Anjou'
1,"'eMarie_of_Brabant,_Queen_of_France'"
2,'eMarie_of_Champagne'
1,"'eMarie_of_Luxembourg,_Countess_of_Vendome'"
1,'eMarine_Le_Pen'
2,'eMario_Monti'
3,'eMario_Scelba'
1,'eMario_Soares'
1,'eMariska_Hargitay'
2,'eMarisol_Touraine'
4,'eMark_Eyskens'
3,'eMark_Rutte'
1,'eMark_Sanford'
1,'eMark_Warner'
1,'eMarlo_Thomas'
1,'eMarshall_Carter'
1,'eMarshall_Harvey_Stone'
1,'eMartin_Amis'
2,'eMartin_Bangemann'
1,'eMartin_Heidegger'
1,'eMartin_I_of_Sicily'
2,'eMartin_Malvy'
1,'eMartin_Van_Buren'
3,'eMartin_of_Aragon'
7,'eMartine_Aubry'
1,'eMartti_Ahtisaari'
3,"'eMary,_Queen_of_Hungary'"
4,"'eMary,_Queen_of_Scots'"
4,'eMary_I_of_England'
1,'eMary_McAleese'
1,'eMary_Robinson'
1,'eMary_Sattler'
2,'eMary_Shelley'
2,"'eMary_Soames,_Baroness_Soames'"
3,"'eMary_Tudor,_Queen_of_France'"
1,'eMary_de_Bohun'
1,'eMary_of_Burgundy'
1,"'eMary_of_Hungary,_Queen_of_Naples'"
3,'eMary_of_Teck'
3,'eMarylise_Lebranchu'
3,'eMassimo_DAlema'
1,"'eMatilda_II,_Countess_of_Boulogne'"
3,'eMatilda_of_Flanders'
1,"'eMatilda_of_Germany,_Countess_Palatine_of_Lotharingia'"
3,'eMatilda_of_Scotland'
1,'eMatteo_Renzi'
2,'eMatthew_Kantakouzenos'
2,"'eMatthias,_Holy_Roman_Emperor'"
2,'eMatthias_Corvinus'
1,'eMatthias_Platzeck'
1,'eMatti_Vanhanen'
1,'eMauno_Koivisto'
2,"'eMaurice,_Elector_of_Saxony'"
4,'eMaurice_Bourges-Maunoury'
3,'eMaurice_Couve_de_Murville'
5,'eMaurice_Faure'
1,'eMaurice_Leroy'
1,'eMaurice_Merleau-Ponty'
1,'eMaxentius'
3,'eMaxime_Verhagen'
1,'eMaximian'
4,"'eMaximilian_I,_Holy_Roman_Emperor'"
1,"'eMaximilian_II,_Holy_Roman_Emperor'"
2,"'eMaximilian_III,_Archduke_of_Austria'"
3,"'eMaximilian_II_Emanuel,_Elector_of_Bavaria'"
1,'eMaximilian_I_Joseph_of_Bavaria'
2,'eMaximilian_I_of_Mexico'
3,"'eMaximilian_de_Beauharnais,_3rd_Duke_of_Leuchtenberg'"
1,'eMaya_Rudolph'
2,'eMaya_Soetoro-Ng'
1,'eMehmed_IV'
1,'eMehmed_V'
2,'eMehmed_VI'
1,'eMehmed_the_Conqueror'
1,'eMelanie_Griffith'
2,"'eMelisende,_Queen_of_Jerusalem'"
2,'eMenachem_Begin'
1,'eMessalina'
2,'eMia_Farrow'
1,'eMichael_Bloomberg'
1,'eMichael_D._Higgins'
1,'eMichael_Douglas'
2,'eMichael_I_of_Romania'
1,'eMichael_I_of_Russia'
1,'eMichael_Penn'
1,'eMichaelle_Jean'
2,'eMicheal_Martin'
3,'eMichel_Barnier'
2,'eMichel_Daerden'
4,'eMichel_Debre'
3,'eMichel_Delebarre'
1,'eMichel_Hollard'
1,'eMichel_Mercier'
3,'eMichel_Rocard'
3,'eMichel_Sapin'
1,'eMichel_Suleiman'
1,'eMichel_Vauzelle'
6,'eMichele_Alliot-Marie'
4,'eMicheline_Calmy-Rey'
1,'eMichelle_Bachelet'
1,'eMichelle_Obama'
1,'eMicky_Dolenz'
2,'eMieczyslaw_Rakowski'
5,'eMieszko_III_the_Old'
5,'eMieszko_IV_Tanglefoot'
3,"'eMiguel,_Duke_of_Braganza'"
1,'eMiguel_Bose'
1,'eMiguel_Ferrer'
3,'eMiguel_I_of_Portugal'
2,'eMihai_Razvan_Ungureanu'
1,'eMike_Beebe'
1,'eMike_Huckabee'
2,'eMike_Johanns'
1,'eMike_Pence'
1,'eMikulas_Dzurinda'
1,'eMiley_Cyrus'
1,'eMillard_Fillmore'
2,'eMilo_Dukanovic'
1,'eMilos_Zeman'
1,'eMilutin_Mrkonjic'
1,'eMinoru_Yanagida'
1,'eMira_Sorvino'
1,'eMircea_Geoana'
1,'eMitch_Daniels'
2,'eMitt_Romney'
2,'eMogens_Lykketoft'
1,'eMohamed_Boudiaf'
1,'eMohamed_El_Yazghi'
1,'eMohamed_Ghannouchi'
2,'eMohamed_Jegham'
2,'eMohammad_Reza_Pahlavi'
1,'eMohammed_Karim_Lamrani'
2,'eMohammed_Mzali'
2,'eMohammed_VI_of_Morocco'
1,'eMohnish_Bahl'
1,'eMongkut'
1,'eMoon_Moon_Sen'
2,'eMorarji_Desai'
1,'eMorgan_Tsvangirai'
1,'eMorihiro_Higashikuni'
2,'eMoritz_Leuenberger'
1,'eMoshe_Sharett'
1,'eMoustapha_Niasse'
1,'eMstislav_I_of_Kiev'
1,'eMuammar_al-Gaddafi'
1,'eMuhammad_Mian_Soomro'
2,'eMuhammad_Rafiq_Tarar'
1,'eMukarram_Jah'
1,'eMuqrin_bin_Abdulaziz_Al_Saud'
1,'eMurad_V'
1,'eMuriel_Humphrey_Brown'
1,'eMustafa_II'
1,'eMykola_Azarov'
1,'eNamadi_Sambo'
1,'eNancy_Pelosi'
1,'eNancy_Reagan'
1,'eNandamuri_Balakrishna'
1,'eNandana_Sen'
3,'eNaoto_Kan'
2,'eNapoleon'
1,'eNastassja_Kinski'
1,'eNatalie_Buchanan'
1,'eNatasha_Gregson_Wagner'
2,'eNatasha_Richardson'
3,'eNathalie_Kosciusko-Morizet'
2,'eNavin_Ramgoolam'
1,'eNawaz_Sharif'
4,'eNayef_bin_Abdul-Aziz_Al_Saud'
2,'eNeelie_Kroes'
2,'eNelson_Mandela'
3,'eNelson_Rockefeller'
2,'eNero'
1,'eNeville_Chamberlain'
2,'eNicholas_II_of_Russia'
3,'eNicholas_I_of_Russia'
2,'eNick_Cassavetes'
1,'eNicola_Mancino'
10,'eNicolas_Sarkozy'
2,'eNikephoros_II_Phokas'
1,'eNikhil_Kumar'
1,'eNikita_Mikhalkov'
1,'eNikki_Haley'
1,'eNikolai_Ryzhkov'
1,'eNikolai_Tikhonov'
1,'eNoel_Gayler'
2,'eNora_Ephron'
1,'eNorodom_Ranariddh'
1,"'eNuno_Jose_Severo_de_Mendoca_Rolim_de_Moura_Barreto,_1st_Duke_of_Loule'"
1,'eOctavia_the_Younger'
1,'eOlaf_II_of_Norway'
1,'eOlaf_Scholz'
1,'eOlafur_Ragnar_Grimsson'
2,'eOlav_V_of_Norway'
3,'eOlga_Constantinovna_of_Russia'
1,'eOlga_Feodorovna_of_Baden'
2,'eOliver_Cromwell'
1,"'eOliver_Wolcott,_Jr.'"
2,'eOlivier_Guichard'
1,'eOllanta_Humala'
2,'eOlli_Rehn'
1,'eOlof_Palme'
1,'eOlof_Skotkonung'
1,'eOlympia_Snowe'
1,'eOona_ONeill'
1,'eOscar_Carmona'
3,'eOscar_II_of_Sweden'
1,'eOscar_I_of_Sweden'
3,'eOscar_Luigi_Scalfaro'
1,'eOskar_Lafontaine'
2,"'eOtto,_King_of_Greece'"
1,'eOtto_Graf_Lambsdorff'
2,"'eOtto_I,_Count_of_Burgundy'"
4,"'eOtto_IV,_Holy_Roman_Emperor'"
1,"'eOtto_IV,_Margrave_of_Brandenburg-Stendal'"
1,'eOtto_Strandman'
1,'eOtto_Winzer'
1,'eOtto_von_Habsburg'
1,'eOttokar_II_of_Bohemia'
1,'eOttokar_I_of_Bohemia'
1,'eOzzy_Osbourne'
1,'ePal_Schmitt'
1,'eParikshit_Sahni'
1,'ePark_Geun-hye'
2,'ePascal_Clement'
2,'ePascal_Couchepin'
1,'ePascoal_Ranieri_Mazzilli'
1,'ePat_Nixon'
1,'ePat_Quinn_(politician)'
1,"'ePatrice_de_Mac-Mahon,_Duke_of_Magenta'"
1,'ePatricio_Aylwin'
2,'ePatrick_Devedjian'
1,'ePatrick_Dewael'
2,'ePatrick_J._Kennedy'
1,'ePatrick_Leahy'
1,'ePatrick_Ollier'
1,'ePatrick_Wayne'
1,'ePaul-Emile_Janson'
2,'ePaul-Henri_Spaak'
1,'ePaul_Bert'
1,'ePaul_Biya'
2,'ePaul_Deschanel'
2,'ePaul_Doumer'
2,"'ePaul_Frederick,_Grand_Duke_of_Mecklenburg-Schwerin'"
1,'ePaul_Gilbert'
4,'ePaul_Hymans'
2,'ePaul_I_of_Russia'
2,'ePaul_Keating'
2,'ePaul_Magnette'
2,'ePaul_Painleve'
1,'ePaul_Quiles'
1,'ePaul_Reynaud'
1,'ePaul_Vanden_Boeynants'
1,'ePaul_Weitz_(filmmaker)'
3,'ePaul_of_Greece'
1,'ePaul_von_Hindenburg'
3,'ePauline_Bonaparte'
1,'ePauline_Marois'
1,"'ePedro_Armendariz,_Jr.'"
3,'ePedro_II_of_Brazil'
3,'ePedro_I_of_Brazil'
2,'ePedro_Solbes'
2,'ePedro_V_of_Portugal'
1,"'ePedro_de_Araujo_Lima,_Marquis_of_Olinda'"
2,'ePeer_Steinbruck'
1,'ePer_Stig_Moller'
2,'ePervez_Musharraf'
1,'ePete_Wilson'
1,"'ePeter,_King_of_Hungary'"
1,'ePeter_Cosgrove'
1,'ePeter_Fonda'
1,'ePeter_Garrett'
2,"'ePeter_I,_Count_of_Savoy'"
2,"'ePeter_II,_Duke_of_Bourbon'"
3,'ePeter_III_of_Aragon'
3,'ePeter_III_of_Portugal'
1,'ePeter_III_of_Russia'
1,'ePeter_II_of_Courtenay'
2,'ePeter_II_of_Portugal'
2,'ePeter_II_of_Russia'
1,'ePeter_IV_of_Aragon'
1,'ePeter_I_of_Portugal'
2,'ePeter_I_of_Serbia'
1,'ePeter_Medgyessy'
1,'ePeter_Robinson_(politician)'
2,'ePeter_Struck'
1,'ePeter_of_Castile'
3,'ePeter_the_Great'
2,'ePetr_Necas'
3,"'ePhilip,_Duke_of_Parma'"
1,"'ePhilip,_Elector_Palatine'"
3,"'ePhilip_I,_Count_of_Boulogne'"
2,"'ePhilip_I,_Count_of_Flanders'"
1,"'ePhilip_I,_Duke_of_Brabant'"
2,"'ePhilip_I,_Duke_of_Burgundy'"
2,"'ePhilip_II,_Duke_of_Savoy'"
3,'ePhilip_III_of_France'
2,'ePhilip_III_of_Spain'
2,'ePhilip_II_of_France'
1,'ePhilip_II_of_Macedon'
4,'ePhilip_II_of_Spain'
2,'ePhilip_IV_of_France'
4,'ePhilip_IV_of_Spain'
3,'ePhilip_I_of_Castile'
2,'ePhilip_I_of_France'
2,"'ePhilip_Louis,_Count_Palatine_of_Neuburg'"
3,'ePhilip_VI_of_France'
2,'ePhilip_V_of_France'
4,'ePhilip_V_of_Spain'
3,'ePhilip_of_Swabia'
1,'ePhilip_the_Arab'
3,'ePhilip_the_Bold'
5,'ePhilip_the_Good'
2,'ePhilipp_Rosler'
1,'ePhilippa_of_Hainault'
1,'ePhilippa_of_Lancaster'
5,"'ePhilippe,_Duke_of_Orleans'"
2,"'ePhilippe,_Duke_of_Orleans,_Regent_of_France'"
7,'ePhilippe_Douste-Blazy'
1,'ePhilippe_Egalite'
3,'ePhilippe_Gomes'
2,"'ePhilippe_I,_Duke_of_Orleans'"
1,"'ePhilippe_II,_Duke_of_Orleans'"
1,'ePhilippe_Maystadt'
4,'ePhilippe_Petain'
3,'ePhilippe_Seguin'
2,'ePhilippe_of_Belgium'
2,'ePier_Luigi_Bersani'
5,'ePierre_Beregovoy'
4,'ePierre_Frogier'
3,'ePierre_Joxe'
5,'ePierre_Laval'
2,'ePierre_Lellouche'
3,'ePierre_Mauroy'
7,'ePierre_Mehaignerie'
1,'ePierre_Messmer'
3,'ePierre_Moscovici'
1,'ePierre_Pflimlin'
1,'ePierre_Trudeau'
1,'ePiet_de_Jong'
1,'ePooja_Bhatt'
1,'ePope_Benedict_XVI'
2,'ePoul_Nyrup_Rasmussen'
1,'ePrabhu_(actor)'
1,'ePranab_Mukherjee'
1,'ePratibha_Patil'
1,'ePredrag_Markovic'
2,'ePrince_Achille_Murat'
3,'ePrince_Adalbert_of_Prussia_(1884-1948)'
2,"'ePrince_Adolphus,_Duke_of_Cambridge'"
2,"'ePrince_Aimone,_Duke_of_Aosta'"
2,'ePrince_Albert_of_Prussia_(1809-1872)'
4,"'ePrince_Alfonso,_Count_of_Caserta'"
1,"'ePrince_Amedeo,_Duke_of_Aosta'"
2,"'ePrince_Andrew,_Duke_of_York'"
3,'ePrince_August_Wilhelm_of_Prussia'
2,'ePrince_Axel_of_Denmark'
2,"'ePrince_Bernhard_of_Orange-Nassau,_van_Vollenhoven'"
1,'ePrince_Bernhard_of_Saxe-Weimar-Eisenach_(1792-1862)'
1,'ePrince_Bernhard_of_the_Netherlands'
3,"'ePrince_Bertil,_Duke_of_Halland'"
2,"'ePrince_Carl,_Duke_of_Vastergotland'"
3,'ePrince_Carl_Philip_of_Sweden'
2,'ePrince_Carlos_of_Bourbon-Two_Sicilies'
4,'ePrince_Charles_of_Prussia'
1,'ePrince_Claus_of_the_Netherlands'
2,"'ePrince_Edward,_Earl_of_Wessex'"
3,'ePrince_Eitel_Friedrich_of_Prussia'
2,"'ePrince_Emanuele_Filiberto,_Duke_of_Aosta'"
2,'ePrince_Ernest_Augustus_of_Hanover_(1914-1987)'
1,'ePrince_Feisal_bin_Al_Hussein'
2,'ePrince_Felix_of_Bourbon-Parma'
1,"'ePrince_Ferdinand,_Duke_of_Genoa'"
2,"'ePrince_Ferdinand_Philippe,_Duke_of_Orleans'"
2,'ePrince_Franz_of_Bavaria'
1,'ePrince_Friedrich_Karl_of_Prussia_(1828-1885)'
2,'ePrince_Friedrich_Leopold_of_Prussia'
3,'ePrince_George_of_Denmark'
2,"'ePrince_Gustaf_Adolf,_Duke_of_Vasterbotten'"
2,'ePrince_Harald_of_Denmark'
3,"'ePrince_Henry,_Duke_of_Gloucester'"
3,'ePrince_Henry_of_Prussia_(1862-1929)'
2,'ePrince_Joachim_of_Denmark'
3,'ePrince_Joachim_of_Prussia'
2,'ePrince_Laurent_of_Belgium'
1,'ePrince_Leopold_of_Bavaria'
2,'ePrince_Muhammad_bin_Talal'
2,'ePrince_Nicholas_of_Romania'
2,'ePrince_Oscar_Bernadotte'
3,'ePrince_Oskar_of_Prussia'
1,'ePrince_Paul_of_Wurttemberg'
1,"'ePrince_Philip,_Duke_of_Edinburgh'"
2,"'ePrince_Philippe,_Count_of_Flanders'"
3,"'ePrince_Philippe,_Count_of_Paris'"
1,"'ePrince_Richard,_Duke_of_Gloucester'"
1,"'ePrince_Thomas,_Duke_of_Genoa'"
2,'ePrince_Valdemar_of_Denmark'
2,"'ePrince_Wilhelm,_Duke_of_Sodermanland'"
2,'ePrince_Wilhelm_of_Prussia_(1783-1851)'
2,'ePrince_Xavier_of_Bourbon-Parma'
2,'ePrincess_Alice_of_the_United_Kingdom'
2,'ePrincess_Amelia_of_Great_Britain'
1,'ePrincess_Antoinette_of_Brunswick-Wolfenbuttel'
2,"'ePrincess_Astrid,_Mrs._Ferner'"
1,"'ePrincess_Astrid_of_Belgium,_Archduchess_of_Austria-Este'"
1,'ePrincess_Augusta_Wilhelmine_of_Hesse-Darmstadt'
1,'ePrincess_Augusta_of_Bavaria'
1,'ePrincess_Augusta_of_Great_Britain'
1,'ePrincess_Augusta_of_Saxe-Gotha'
2,'ePrincess_Beatrice_of_the_United_Kingdom'
1,'ePrincess_Durru_Shehvar'
1,'ePrincess_Elisabeth_Sophie_of_Saxe-Altenburg'
1,'ePrincess_Elisabeth_of_Saxe-Altenburg_(1865-1927)'
1,'ePrincess_Haya_bint_Al_Hussein'
2,'ePrincess_Helena_Adelaide_of_Schleswig-Holstein-Sonderburg-Glucksburg'
2,'ePrincess_Helena_of_the_United_Kingdom'
2,'ePrincess_Henriette_Adelaide_of_Savoy'
2,'ePrincess_Ingeborg_of_Denmark'
3,'ePrincess_Irene_of_the_Netherlands'
1,'ePrincess_Isabelle_of_Orleans-Braganza'
2,'ePrincess_Isabelle_of_Orleans_(1878-1961)'
2,'ePrincess_Josephine_Charlotte_of_Belgium'
1,'ePrincess_Louise_Auguste_of_Denmark'
2,'ePrincess_Louise_of_Orleans'
3,'ePrincess_Louise_of_Prussia'
2,'ePrincess_Ludovika_of_Bavaria'
3,"'ePrincess_Margaret,_Countess_of_Snowdon'"
1,'ePrincess_Margaret_of_Connaught'
2,'ePrincess_Margaret_of_Denmark'
3,'ePrincess_Margaret_of_Prussia'
3,'ePrincess_Margriet_of_the_Netherlands'
1,'ePrincess_Maria_Anna_of_Anhalt-Dessau'
3,'ePrincess_Maria_Annunciata_of_Bourbon-Two_Sicilies'
2,'ePrincess_Maria_Antonia_of_the_Two_Sicilies'
3,'ePrincess_Maria_Clotilde_of_Savoy'
2,'ePrincess_Maria_Immaculata_of_Bourbon-Two_Sicilies_(1844-1899)'
2,'ePrincess_Maria_Josepha_of_Saxony_(1731-1767)'
2,'ePrincess_Maria_Teresa_of_Savoy'
2,'ePrincess_Maria_de_las_Mercedes_of_Bourbon-Two_Sicilies'
2,'ePrincess_Marie_Isabelle_of_Orleans'
1,'ePrincess_Marie_Louise_of_Bourbon-Parma'
2,'ePrincess_Martha_Louise_of_Norway'
2,'ePrincess_Martha_of_Sweden'
1,'ePrincess_Mary_Adelaide_of_Cambridge'
2,'ePrincess_Milica_of_Montenegro'
2,'ePrincess_Sophie_Antoinette_of_Brunswick-Wolfenbuttel'
2,'ePrincess_Sophie_of_Bavaria'
1,'ePrincess_Stephanie_of_Monaco'
1,'ePrincess_Tenagnework'
2,'ePrincess_Thyra_of_Denmark'
3,'ePrincess_Victoria_Louise_of_Prussia'
3,'ePrincess_Victoria_of_Sweden'
1,'ePrithviraj_Sukumaran'
2,'ePriyanka_Gandhi'
2,'eProsper_Poullet'
1,'ePrzemysl_II'
3,'ePtolemy_II_Philadelphus'
1,'ePtolemy_IX_Lathyros'
1,'ePtolemy_I_Soter'
1,'ePtolemy_XII_Auletes'
2,'ePtolemy_X_Alexander_I'
1,'ePuneeth_Rajkumar'
1,'ePyrrhus'
1,'ePythodorida_of_Pontus'
1,'eQianlong_Emperor'
1,'eQueen_Elizabeth_The_Queen_Mother'
2,'eQueen_Fabiola_of_Belgium'
2,'eQueen_Mathilde_of_Belgium'
1,'eQueen_Paola_of_Belgium'
3,'eQueen_Sofia_of_Spain'
1,'eQueen_Sonja_of_Norway'
1,'eQueen_Victoria'
1,'eQuentin_Bryce'
1,'eRabindranath_Tagore'
1,'eRachida_Dati'
1,'eRadu_II_of_Wallachia'
1,'eRae_Dawn_Chong'
2,'eRafael_Arias-Salgado'
1,'eRafael_Caldera'
1,'eRafael_Correa'
1,'eRafe_Spall'
2,'eRahul_Gandhi'
1,'eRahul_Khanna'
2,'eRaila_Odinga'
1,'eRaima_Sen'
2,'eRainer_Barzel'
1,'eRajiv_Gandhi'
1,'eRalph_Fiennes'
1,'eRama_Yade'
1,'eRamiz_Alia'
1,"'eRamon_Berenguer_IV,_Count_of_Provence'"
1,'eRamon_Magsaysay'
1,'eRamsay_MacDonald'
2,'eRanbir_Kapoor'
1,'eRand_Paul'
1,'eRandhir_Kapoor'
1,'eRaoul_Vaneigem'
1,'eRashid_al-Ghannushi'
1,'eRaul_Castro'
1,'eRaymond_Barre'
1,'eRaymond_E._Feist'
1,'eRaymond_Forni'
1,'eRaymond_Marcellin'
4,'eRaymond_Poincare'
1,'eRebecca_Hall'
1,'eRebecca_Miller'
1,'eRecep_Tayyip_Erdogan'
1,'eReinhold_Maier'
1,'eRekha'
1,'eRemo_Gaspari'
1,'eRenaud_Donnedieu_de_Vabres'
1,'eRenaud_Dutreil'
1,'eRene_Coty'
1,'eRene_Mayer'
4,'eRene_Monory'
3,'eRene_Pleven'
1,'eRene_Preval'
3,'eRene_Viviani'
3,'eRene_of_Anjou'
1,'eReuven_Rivlin'
1,'eRicardo_Lagos'
5,"'eRichard,_1st_Earl_of_Cornwall'"
2,'eRichard_Cromwell'
2,'eRichard_D._Zanuck'
1,'eRichard_Holbrooke'
1,"'eRichard_II,_Duke_of_Normandy'"
2,'eRichard_II_of_England'
3,'eRichard_I_of_England'
1,'eRichard_Nixon'
1,'eRichard_Riordan'
2,'eRichard_Stucklen'
1,"'eRichard_Yates,_Jr.'"
1,"'eRichard_of_York,_3rd_Duke_of_York'"
3,'eRichard_von_Weizsacker'
2,'eRichenza_of_Northeim'
3,"'eRicheza_of_Poland,_Queen_of_Sweden'"
1,"'eRichilde,_Countess_of_Hainaut'"
1,'eRick_Perry'
1,'eRick_Scott'
1,'eRicky_Nelson'
2,'eRinke_Khanna'
1,'eRishi_Kapoor'
1,'eRita_Verdonk'
1,'eRiya_Sen'
1,'eRob_Reiner'
1,'eRobert_Badinter'
1,'eRobert_Boulin'
2,'eRobert_Curthose'
1,"'eRobert_Downey,_Jr.'"
1,"'eRobert_Dudley,_1st_Earl_of_Leicester'"
1,'eRobert_Dudley_(explorer)'
2,'eRobert_F._Kennedy'
1,'eRobert_Fico'
1,'eRobert_Galley_(politician)'
2,"'eRobert_Gascoyne-Cecil,_3rd_Marquess_of_Salisbury'"
1,'eRobert_Gates'
1,'eRobert_Guei'
1,'eRobert_Guiscard'
2,"'eRobert_I,_Count_of_Dreux'"
2,"'eRobert_I,_Duke_of_Parma'"
1,"'eRobert_II,_Duke_of_Burgundy'"
1,"'eRobert_III,_Count_of_Flanders'"
1,'eRobert_II_of_France'
1,'eRobert_II_of_Scotland'
1,'eRobert_Kagan'
2,'eRobert_Peel'
1,'eRobert_Ritter_von_Greim'
1,'eRobert_Taft'
2,'eRobert_Todd_Lincoln'
2,"'eRobert_Walker,_Jr.'"
2,'eRoberto_Maroni'
1,'eRobin_Cook'
1,'eRobin_Wilson_(mathematician)'
1,'eRod_Blagojevich'
4,'eRodrigo_Rato'
1,'eRoger_Frey'
1,'eRoger_II_of_Sicily'
2,'eRoger_I_of_Sicily'
1,'eRoland_Barthes'
3,'eRoland_Dumas'
1,'eRoland_Koch'
2,'eRolandas_Paksas'
1,'eRoman_Herzog'
2,'eRomano_Prodi'
1,'eRomanos_I_Lekapenos'
2,'eRomina_Power'
1,'eRomulo_Diaz_de_la_Vega'
1,'eRon_Davies_(footballer_born_1942)'
1,'eRon_Dellums'
1,'eRon_Howard'
1,'eRonald_Pofalla'
2,'eRonald_Reagan'
1,'eRosa_Russo_Iervolino'
1,'eRosalynn_Carter'
2,'eRoselyne_Bachelot'
1,'eRostislav_I_of_Kiev'
1,'eRosy_Bindi'
1,'eRoza_Potocka_(1780-1862)'
1,'eRozala_of_Italy'
1,"'eRudolf_IV,_Duke_of_Austria'"
3,'eRudolf_I_of_Bohemia'
1,'eRudolf_Kirchschlager'
2,'eRudolf_Scharping'
2,'eRudolf_Schuster'
1,'eRudy_Demotte'
1,'eRuhollah_Khomeini'
2,'eRurik_Rostislavich'
2,'eRuud_Lubbers'
1,'eSaad_Hariri'
1,'eSabine_Leutheusser-Schnarrenberger'
1,'eSaif_Ali_Khan'
2,'eSaif_al-Arab_Gaddafi'
2,'eSaint_Louis_IX_of_France'
2,'eSali_Berisha'
1,'eSalim_Khan'
1,'eSalima_Hashmi'
1,'eSalman_Khan'
5,'eSalman_bin_Abdulaziz_Al_Saud'
1,'eSalomea_of_Berg'
2,'eSam_Hinds'
1,'eSamantha_Cameron'
1,'eSamantha_Mathis'
1,'eSamuel_C._Phillips'
1,'eSancho_IV_of_Castile'
1,'eSancho_I_of_Portugal'
1,'eSandip_Ray'
2,'eSandro_Pertini'
2,'eSanjay_Dutt'
1,'eSanjay_Gandhi'
1,'eSaovabha_Phongsri'
2,'eSarah_Churchill_(actress)'
1,'eSarah_Jane_Brown'
1,'eSarah_Palin'
3,'eSauli_Niinisto'
1,'eSavang_Vadhana'
1,'eScott_Caan'
1,'eSean_Astin'
1,'eSean_Lemass'
1,'eSean_Lennon'
1,'eSean_Parnell'
1,'eSean_Penn'
1,'eSean_Pertwee'
1,'eSebastian_Pinera'
2,'eSeiji_Maehara'
1,'eSerge_Dassault'
1,'eSerge_Lepeltier'
2,'eSergio_Osmena'
1,'eShabana_Azmi'
1,'eShah_Jahan'
1,'eShahbaz_Sharif'
2,'eShahid_Kapoor'
1,'eShammi_Kapoor'
1,'eShaukat_Aziz'
2,'eShaun_Cassidy'
1,'eShelley_Duvall'
1,'eShigeru_Yoshida'
2,'eShimon_Peres'
1,'eShivrajkumar'
1,'eShunzhi_Emperor'
2,"'eSibylla,_Queen_of_Jerusalem'"
1,'eSibylla_of_Anjou'
1,'eSid_McMath'
1,'eSidney_Sonnino'
4,'eSidonio_Pais'
4,"'eSigismund,_Holy_Roman_Emperor'"
3,'eSigismund_III_Vasa'
2,'eSigismund_II_Augustus'
3,'eSigismund_I_the_Old'
2,'eSigmar_Gabriel'
1,'eSigourney_Weaver'
1,'eSigrid_the_Haughty'
1,'eSigurd_the_Crusader'
1,'eSiim_Kallas'
1,'eSilambarasan'
6,'eSilvio_Berlusconi'
2,'eSimeon_Saxe-Coburg-Gotha'
2,'eSimone_Veil'
1,'eSinead_Cusack'
1,'eSirimavo_Bandaranaike'
1,'eSisavang_Vatthana'
1,'eSofia_Coppola'
1,'eSoha_Ali_Khan'
1,'eSohail_Khan'
1,'eSolomon'
2,'eSophia_Charlotte_of_Hanover'
1,'eSophia_Dorothea_of_Hanover'
1,"'eSophia_Jagiellon,_Margravine_of_Brandenburg-Ansbach'"
3,'eSophia_of_Hanover'
1,'eSophia_of_Minsk'
2,'eSophia_of_Nassau'
4,'eSophia_of_Prussia'
3,'eSophie_Amalie_of_Brunswick-Luneburg'
1,'eSophie_Thompson'
1,'eSophie_of_Mecklenburg-Gustrow'
3,'eSophie_of_Wurttemberg'
1,'eSpencer_Perceval'
1,'eSpike_Jonze'
1,'eSpiro_Agnew'
1,'eSrikanth_Deva'
1,'eStanley_Baldwin'
1,'eStanley_Bruce'
1,'eStephanie_McMahon'
1,'eStephen_Edwards'
1,'eStephen_Uros_II_Milutin_of_Serbia'
2,'eStephen_V_of_Hungary'
2,'eStephen_of_England'
2,'eSteven_Vanackere'
1,'eStjepan_Mesic'
2,'eStrom_Thurmond'
1,'eStuart_Nelson'
1,'eSuleiman_the_Magnificent'
2,'eSuleyman_Demirel'
2,'eSultan_bin_Abdulaziz'
1,'eSun_Yat-sen'
1,'eSunny_Deol'
1,'eSupriya_Pathak'
1,'eSuriya'
2,'eSusan_Rice'
1,'eSusan_Strasberg'
1,'eSuzanne_Vega'
1,'eSvend_Auken'
1,'eSvetlana_Alliluyeva'
3,'eSviatoslav_II_of_Kiev'
1,'eSweyn_Forkbeard'
1,'eSweyn_II_of_Denmark'
3,'eSweyn_I_of_Denmark'
1,'eSydney_Chaplin_(actor)'
2,'eSydney_Tamiia_Poitier'
1,'eTaharqa'
1,'eTahir_Shah'
1,'eTalia_Shire'
1,"'eTancred,_King_of_Sicily'"
1,'eTanishaa_Mukerji'
1,'eTarja_Halonen'
1,'eTarun_Kumar'
2,'eTatsuo_Kawabata'
2,'eTatum_ONeal'
2,'eTed_Kennedy'
1,'eTed_Stevens'
2,'eTeofilo_Braga'
3,'eTeresa_Cristina_of_the_Two_Sicilies'
1,'eTerry_Branstad'
1,'eTerry_Goddard'
1,'eTewfik_Pasha'
2,'eThabo_Mbeki'
1,'eThaksin_Shinawatra'
1,'eTheodore_I_Laskaris'
3,'eTheodore_Roosevelt'
1,"'eTheodore_Roosevelt,_Jr.'"
6,'eTheodosius_I'
3,'eTheodosius_II'
1,'eTheophanu'
1,"'eTheresa_of_Portugal,_Countess_of_Flanders'"
3,'eTherese_of_Saxe-Hildburghausen'
3,"'eThomas,_Count_of_Flanders'"
1,"'eThomas,_Count_of_Savoy'"
1,'eThomas_Dehler'
1,'eThomas_E._Donilon'
1,'eThomas_Gill_(footballer)'
1,"'eThomas_I,_Count_of_Savoy'"
2,'eThomas_Jefferson'
1,'eThomas_Klestil'
1,'eThomas_Mulcair'
3,'eThomas_de_Maiziere'
1,'eThor_Pedersen'
1,'eThorbjorn_Jagland'
1,'eThorvald_Stauning'
1,'eThorvald_Stoltenberg'
1,'eThutmose_I'
1,'eThutmose_IV'
2,'eTiberius'
3,'eTim_Kaine'
1,'eTimothy_Geithner'
1,'eTimothy_Pickering'
1,'eTitu_Maiorescu'
1,'eTitus'
2,'eToby_Stephens'
1,'eTom_Corbett'
1,'eTom_Vilsack'
2,'eTome_de_Barros_Queiros'
1,'eTomislav_Ivic'
2,'eTomislav_Nikolic'
1,'eTommaso_Padoa-Schioppa'
2,'eTony_Abbott'
2,'eTony_Blair'
1,'eTony_Gilroy'
1,'eTony_Knowles_(politician)'
2,'eToomas_Hendrik_Ilves'
1,'eTori_Spelling'
2,'eTraian_Basescu'
1,'eTrebonianus_Gallus'
1,'eTupou_VI'
1,'eTusshar_Kapoor'
2,'eTwinkle_Khanna'
1,'eTzipi_Livni'
2,'eUhuru_Kenyatta'
3,"'eUlrika_Eleonora,_Queen_of_Sweden'"
2,'eUlrika_Eleonora_of_Denmark'
1,'eUlvhild_Hakansdotter'
1,'eUlysses_S._Grant'
1,'eUma_Thurman'
1,"'eUmberto_III,_Count_of_Savoy'"
3,'eUmberto_II_of_Italy'
2,'eUmberto_I_of_Italy'
2,"'eUrraca_of_Castile,_Queen_of_Portugal'"
2,'eUrsula_von_der_Leyen'
1,'eV._V._Giri'
1,'eVaclav_Havel'
2,'eVaclav_Klaus'
1,'eVaira_Vike-Freiberga'
2,'eVajiralongkorn'
2,'eVajiravudh'
2,'eValdas_Adamkus'
2,'eValdemar_II_of_Denmark'
1,'eValdis_Dombrovskis'
1,'eValdis_Zatlers'
3,'eValens'
1,'eValentin_Paniagua'
1,'eValentin_Pavlov'
1,'eValentine_Dyall'
2,'eValentinian_I'
6,'eValentinian_II'
3,'eValentinian_III'
1,'eValerie_Fourneyron'
2,'eValerie_Pecresse'
4,'eValery_Giscard_dEstaing'
1,'eVanessa_Redgrave'
1,'eVasili_III_of_Russia'
2,'eVasili_Kuznetsov_(politician)'
2,"'eVictor_Amadeus_I,_Duke_of_Savoy'"
1,'eVictor_Amadeus_III_of_Sardinia'
4,'eVictor_Amadeus_II_of_Sardinia'
2,'eVictor_Emmanuel_III_of_Italy'
1,'eVictor_Emmanuel_II_of_Italy'
2,'eVictor_Emmanuel_II_of_Savoy'
2,'eVictor_Emmanuel_I_of_Sardinia'
4,"'eVictoria,_Princess_Royal'"
2,'eVictoria_Eugenie_of_Battenberg'
3,'eVictoria_of_Baden'
2,'eVictorin_Lurel'
1,'eVijay_(actor)'
1,'eViktor_Orban'
1,'eViktor_Yanukovych'
1,'eViktor_Yushchenko'
1,'eVincent_Astor'
2,'eVincent_Auriol'
1,'eVincent_Cassel'
1,'eVincent_Van_Quickenborne'
1,'eViolant_of_Hungary'
3,'eVittorio_Emanuele_III'
1,'eVivek_Oberoi'
3,'eViviane_Reding'
1,'eVladimir_II_Monomakh'
1,'eVladimir_Lenin'
2,'eVladimir_Spidla'
2,'eVladislaus_II_of_Hungary'
1,'eVojislav_Kostunica'
2,'eVratislaus_II_of_Bohemia'
5,'eVsevolod_I_of_Kiev'
1,'eVsevolod_the_Big_Nest'
1,"'eWaldemar,_Margrave_of_Brandenburg-Stendal'"
1,'eWally_Hickel'
2,'eWalter_Mondale'
4,'eWalter_Scheel'
1,'eWalter_Ulbricht'
1,'eWalter_Wallmann'
1,'eWarren_G._Harding'
1,'eWasim_Sajjad'
1,"'eWelf_I,_Duke_of_Bavaria'"
2,"'eWenceslaus_I,_Duke_of_Luxembourg'"
3,'eWenceslaus_III_of_Bohemia'
4,'eWenceslaus_II_of_Bohemia'
4,'eWenceslaus_IV_of_Bohemia'
2,'eWerner_Dollinger'
2,'eWilfried_Martens'
2,"'eWilhelm,_German_Crown_Prince'"
2,"'eWilhelm_II,_German_Emperor'"
2,'eWilhelm_II_of_Germany'
3,'eWilhelm_I_of_Germany'
1,'eWilhelm_Marx'
1,'eWilhelmina_of_the_Netherlands'
1,'eWilhelmine_Amalia_of_Brunswick-Luneburg'
3,"'eWilhelmine_of_Prussia,_Queen_of_the_Netherlands'"
2,'eWillem-Alexander_of_the_Netherlands'
1,'eWillem_Drees'
3,'eWilli_Stoph'
2,"'eWilliam,_Duke_of_Saxe-Weimar'"
1,"'eWilliam,_Margrave_of_Baden-Baden'"
1,'eWilliam_Alexander_Richardson'
1,"'eWilliam_Cavendish-Bentinck,_3rd_Duke_of_Portland'"
1,"'eWilliam_Ernest,_Grand_Duke_of_Saxe-Weimar-Eisenach'"
2,'eWilliam_Ewart_Gladstone'
2,'eWilliam_Hague'
1,'eWilliam_Henry_Harrison'
1,'eWilliam_Hopper'
2,'eWilliam_Howard_Taft'
3,"'eWilliam_I,_Count_of_Boulogne'"
2,"'eWilliam_I,_German_Emperor'"
2,"'eWilliam_III,_Landgrave_of_Thuringia'"
3,'eWilliam_III_of_the_Netherlands'
1,'eWilliam_II_of_Holland'
1,'eWilliam_II_of_Sicily'
1,'eWilliam_II_of_the_Netherlands'
1,"'eWilliam_IV,_Grand_Duke_of_Luxembourg'"
3,'eWilliam_IV_of_the_United_Kingdom'
1,'eWilliam_I_of_Sicily'
1,'eWilliam_I_of_Wurttemberg'
2,'eWilliam_Katt'
1,'eWilliam_Kissam_Vanderbilt'
1,"'eWilliam_Lamb,_2nd_Viscount_Melbourne'"
2,"'eWilliam_Louis,_Count_of_Nassau-Dillenburg'"
1,'eWilliam_Lyon_Mackenzie_King'
1,'eWilliam_McKinley'
2,'eWilliam_McMahon'
1,'eWilliam_Morris'
2,'eWilliam_Pitt_the_Younger'
1,"'eWilliam_S._Burroughs,_Jr.'"
1,'eWilliam_Stratton'
1,"'eWilliam_V,_Duke_of_Bavaria'"
1,"'eWilliam_VIII,_Landgrave_of_Hesse-Kassel'"
1,'eWilliam_the_Silent'
3,'eWilly_Brandt'
4,'eWilly_Claes'
2,'eWim_Kok'
3,'eWinston_Churchill'
2,'eWinthrop_Rockefeller'
2,'eWladyslaw_III_Spindleshanks'
1,'eWladyslaw_II_the_Exile'
3,'eWladyslaw_IV_Vasa'
1,'eWladyslaw_I_Herman'
4,'eWladyslaw_I_the_Elbow-high'
2,'eWladyslaw_Odonic'
1,'eWojciech_Jaruzelski'
1,"'eWolfgang,_Count_Palatine_of_Zweibrucken'"
1,'eWolfgang_Clement'
3,'eWolfgang_Schauble'
1,'eWoodrow_Wilson'
1,'eWouter_Bos'
1,'eWu_Zetian'
6,'eXavier_Bertrand'
1,'eXavier_Bettel'
2,'eXavier_Darcos'
1,'eXi_Jinping'
1,'eXianfeng_Emperor'
1,'eYamina_Benguigui'
1,'eYaroslav_II_of_Vladimir'
1,'eYaroslav_the_Wise'
1,'eYitzhak_Ben-Zvi'
1,'eYitzhak_Rabin'
1,"'eYixuan,_Prince_Chun'"
3,'eYolanda_of_Flanders'
1,'eYolande_of_Aragon'
1,'eYongzheng_Emperor'
1,'eYoshihiko_Noda'
1,'eYuan_Shikai'
3,'eYukio_Hatoyama'
1,'eYuri_Andropov'
1,'eYuri_Dolgorukiy'
1,'eYuvan_Shankar_Raja'
2,'eYves_Guena'
2,'eYves_Leterme'
1,'eZachary_Taylor'
1,'eZafarullah_Khan_Jamali'
1,'eZakir_Hussain_(politician)'
1,'eZbigniew_Messner'
1,'eZeb-un-Nisa'
1,'eZeno_(emperor)'
1,'eZhou_Enlai'
1,'eZiggy_Marley'
2,'eZita_of_Bourbon-Parma'
1,'eZoe_Porphyrogenita'
1,'eZoe_Wanamaker'
1,'eZooey_Deschanel'
2,'fr_Ahmed_Mestiri'
1,'fr_Alain_Carignon'
1,'fr_Christian_Bonnet'
5,'fr_Hedi_Khefacha'
1,'fr_Jean-Francois_Jalkh'
1,'fr_Marino_Bollini'
2,'fr_Philippe_Bas_(homme_politique)'
3,'fr_Pierre_Forthomme'
2,'fr_Pio_Cabanillas_Gallas'
