Rule	Head Coverage	Std Confidence	PCA Confidence	Positive Examples	Body size	PCA Body size	Functional variable
dealswith(?a,?b)  => hasneighbor(?a,?b)	0.295495495	0.125960061	0.16449348	164	1302	997	?b
dealswith(?b,?a)  => hasneighbor(?a,?b)	0.297297297	0.126728111	0.174788136	165	1302	944	?b
hasneighbor(?b,?a)  => hasneighbor(?a,?b)	0.990990991	0.990990991	0.992779783	550	555	554	?b
influences(?b,?a)  => hasacademicadvisor(?a,?b)	0.069154775	0.005882353	0.185294118	63	10710	340	?a
exports(?a,?b)  => imports(?a,?b)	0.152671756	0.158730159	0.170940171	60	378	351	?a
isleaderof(?a,?b)  => ispoliticianof(?a,?b)	0.064754857	0.146290491	0.45751634	140	957	306	?a
livesin(?a,?b)  => ispoliticianof(?a,?b)	0.038852914	0.028187919	0.226415094	84	2980	371	?a
iscitizenof(?a,?b)  => ispoliticianof(?a,?b)	0.091581869	0.057341442	0.755725191	198	3453	262	?a
isleaderof(?a,?b)  => livesin(?a,?b)	0.022483221	0.070010449	0.210691824	67	957	318	?a
wasbornin(?a,?b)  => livesin(?a,?b)	0.045637584	0.003024171	0.105426357	136	44971	1290	?a
iscitizenof(?a,?b)  => livesin(?a,?b)	0.139261745	0.120185346	0.471055619	415	3453	881	?a
diedin(?a,?b)  => livesin(?a,?b)	0.034228188	0.011034184	0.242857143	102	9244	420	?a
ispoliticianof(?a,?b)  => livesin(?a,?b)	0.028187919	0.038852914	0.285714286	84	2162	294	?a
islocatedin(?a,?b)  => hascapital(?a,?b)	0.387436598	0.011202617	0.234363937	993	88640	4237	?a
ismarriedto(?b,?a)  => ismarriedto(?a,?b)	0.977896138	0.977896138	0.988957716	3672	3755	3713	?a
created(?a,?b)  => wrotemusicfor(?a,?b)	0.09194642	0.080196163	0.125536238	556	6933	4429	?b
hasneighbor(?a,?b)  => dealswith(?a,?b)	0.125960061	0.295495495	0.33744856	164	555	486	?a
hasneighbor(?b,?a)  => dealswith(?a,?b)	0.126728111	0.297297297	0.340206186	165	555	485	?a
dealswith(?b,?a)  => dealswith(?a,?b)	0.122887865	0.122887865	0.148423006	160	1302	1078	?a
imports(?a,?b)  => exports(?a,?b)	0.158730159	0.152671756	0.17699115	60	393	339	?a
created(?a,?b)  => directed(?a,?b)	0.219303047	0.17337372	0.236521055	1202	6933	5082	?b
graduatedfrom(?a,?b)  => worksat(?a,?b)	0.177009456	0.081563181	0.277443261	599	7344	2159	?a
worksat(?a,?b)  => graduatedfrom(?a,?b)	0.081563181	0.177009456	0.192666452	599	3384	3109	?a
haschild(?b,?a)  => haschild(?a,?b)	0.081769702	0.081769702	0.109581789	414	5063	3778	?b
happenedin(?b,?a)  => participatedin(?a,?b)	0.28776699	0.293349169	0.310106717	1482	5052	4779	?b
ispoliticianof(?a,?b)  => iscitizenof(?a,?b)	0.057341442	0.091581869	0.75	198	2162	264	?a
livesin(?a,?b)  => iscitizenof(?a,?b)	0.120185346	0.139261745	0.358067299	415	2980	1159	?a
livesin(?a,?b)  => diedin(?a,?b)	0.011034184	0.034228188	0.140689655	102	2980	725	?a
wasbornin(?a,?b)  => diedin(?a,?b)	0.12245781	0.025171777	0.174180643	1132	44971	6499	?a
participatedin(?b,?a)  => happenedin(?a,?b)	0.293349169	0.28776699	0.366650173	1482	5150	4042	?b
wrotemusicfor(?a,?b)  => created(?a,?b)	0.080196163	0.09194642	0.1572843	556	6047	3535	?b
directed(?a,?b)  => created(?a,?b)	0.17337372	0.219303047	0.326364377	1202	5481	3683	?b
directed(?a,?b)  => actedin(?a,?b)	0.017354524	0.10180624	0.104007456	558	5481	5365	?b
isconnectedto(?b,?a)  => isconnectedto(?a,?b)	0.662486352	0.662486352	0.671919	21236	32055	31605	?b
diedin(?a,?b)  => wasbornin(?a,?b)	0.025171777	0.12245781	0.174180643	1132	9244	6499	?a
hascapital(?a,?b)  => islocatedin(?a,?b)	0.011202617	0.387436598	0.417577796	993	2563	2378	?a
hascapital(?b,?a)  => islocatedin(?a,?b)	0.019652527	0.679672259	0.682067345	1742	2563	2554	?a
isaffiliatedto(?a,?b)  => playsfor(?a,?b)	0.868620415	0.7461395	0.825340824	278848	373721	337858	?a
playsfor(?a,?b)  => isaffiliatedto(?a,?b)	0.7461395	0.868620415	0.946135863	278848	321024	294723	?a
isinterestedin(?g,?a) isinterestedin(?g,?b)  => isinterestedin(?a,?b)	0.025104603	0.050420168	0.461538462	6	119	13	?a
hascurrency(?h,?b) hasneighbor(?a,?h)  => hascurrency(?a,?b)	0.165137615	0.211764706	0.666666667	18	85	27	?a
hascurrency(?g,?b) hasneighbor(?g,?a)  => hascurrency(?a,?b)	0.165137615	0.214285714	0.666666667	18	84	27	?a
isinterestedin(?h,?b) isinterestedin(?a,?h)  => isinterestedin(?a,?b)	0.016736402	0.8	0.8	4	5	5	?a
dealswith(?g,?a) hascurrency(?g,?b)  => hascurrency(?a,?b)	0.146788991	0.131147541	0.390243902	16	122	41	?a
dealswith(?b,?a) hasneighbor(?b,?a)  => hasneighbor(?a,?b)	0.293693694	0.993902439	0.993902439	163	164	164	?b
dealswith(?a,?h) hascurrency(?h,?b)  => hascurrency(?a,?b)	0.211009174	0.05764411	0.319444444	23	399	72	?a
hascurrency(?g,?b) islocatedin(?g,?a)  => hascurrency(?a,?b)	0.018348624	0.028169014	0.333333333	2	71	6	?a
dealswith(?b,?a) dealswith(?a,?b)  => hasneighbor(?a,?b)	0.097297297	0.3375	0.457627119	54	160	118	?b
influences(?g,?a) isknownfor(?g,?b)  => isinterestedin(?a,?b)	0.046025105	0.027918782	0.120879121	11	394	91	?a
hasneighbor(?h,?a) hasneighbor(?b,?h)  => hasneighbor(?a,?b)	0.884684685	0.273995536	0.273995536	491	1792	1792	?b
dealswith(?h,?a) hasneighbor(?b,?h)  => hasneighbor(?a,?b)	0.407207207	0.103908046	0.103908046	226	2175	2175	?b
hasneighbor(?a,?h) hasneighbor(?b,?h)  => hasneighbor(?a,?b)	0.884684685	0.273995536	0.27414852	491	1792	1791	?b
hasneighbor(?h,?b) hasneighbor(?a,?h)  => hasneighbor(?a,?b)	0.884684685	0.273995536	0.273995536	491	1792	1792	?b
influences(?a,?h) isinterestedin(?h,?b)  => isinterestedin(?a,?b)	0.355648536	0.083909181	0.321969697	85	1013	264	?a
hasneighbor(?g,?a) hasneighbor(?g,?b)  => hasneighbor(?a,?b)	0.884684685	0.273537604	0.273537604	491	1795	1795	?b
influences(?g,?a) isinterestedin(?g,?b)  => isinterestedin(?a,?b)	0.527196653	0.111405836	0.370588235	126	1131	340	?a
dealswith(?h,?b) hasneighbor(?a,?h)  => hasneighbor(?a,?b)	0.407207207	0.103908046	0.13476446	226	2175	1677	?b
dealswith(?g,?a) hasneighbor(?g,?b)  => hasneighbor(?a,?b)	0.407207207	0.102867547	0.102867547	226	2197	2197	?b
dealswith(?g,?b) hasneighbor(?g,?a)  => hasneighbor(?a,?b)	0.407207207	0.102867547	0.133648729	226	2197	1691	?b
hasneighbor(?a,?h) imports(?h,?b)  => imports(?a,?b)	0.419847328	0.207026349	0.251141553	165	797	657	?a
exports(?h,?b) hasneighbor(?a,?h)  => imports(?a,?b)	0.193384224	0.090154211	0.109352518	76	843	695	?a
hasneighbor(?g,?a) imports(?g,?b)  => imports(?a,?b)	0.422391858	0.2077597	0.252279635	166	799	658	?a
exports(?g,?b) hasneighbor(?g,?a)  => imports(?a,?b)	0.195928753	0.090375587	0.110473458	77	852	697	?a
dealswith(?a,?h) exports(?h,?b)  => imports(?a,?b)	0.501272265	0.108599779	0.127425614	197	1814	1546	?a
dealswith(?a,?h) imports(?h,?b)  => imports(?a,?b)	0.610687023	0.158415842	0.18957346	240	1515	1266	?a
dealswith(?g,?a) imports(?g,?b)  => imports(?a,?b)	0.37913486	0.16284153	0.207232267	149	915	719	?a
haschild(?a,?h) isleaderof(?h,?b)  => ispoliticianof(?a,?b)	0.049028677	0.211155378	0.397003745	106	502	267	?a
haschild(?a,?h) livesin(?h,?b)  => ispoliticianof(?a,?b)	0.014338575	0.080729167	0.13963964	31	384	222	?a
haschild(?a,?h) iscitizenof(?h,?b)  => ispoliticianof(?a,?b)	0.056891767	0.532467532	0.831081081	123	231	148	?a
hascapital(?b,?h) livesin(?a,?h)  => ispoliticianof(?a,?b)	0.039777983	0.040224509	0.217721519	86	2138	395	?a
haschild(?a,?h) ispoliticianof(?h,?b)  => ispoliticianof(?a,?b)	0.42506938	0.718530102	0.87607245	919	1279	1049	?a
isleaderof(?a,?h) islocatedin(?h,?b)  => ispoliticianof(?a,?b)	0.02960222	0.039677619	0.14479638	64	1613	442	?a
islocatedin(?h,?b) livesin(?a,?h)  => ispoliticianof(?a,?b)	0.11147086	0.033977161	0.260259179	241	7093	926	?a
haschild(?g,?a) isleaderof(?g,?b)  => ispoliticianof(?a,?b)	0.021276596	0.12849162	0.259887006	46	358	177	?a
diedin(?a,?h) hascapital(?b,?h)  => ispoliticianof(?a,?b)	0.184551341	0.015629284	0.133534137	399	25529	2988	?a
haschild(?g,?a) livesin(?g,?b)  => ispoliticianof(?a,?b)	0.014338575	0.095384615	0.155	31	325	200	?a
ismarriedto(?g,?a) ispoliticianof(?g,?b)  => ispoliticianof(?a,?b)	0.028677151	0.373493976	0.885714286	62	166	70	?a
haschild(?g,?a) iscitizenof(?g,?b)  => ispoliticianof(?a,?b)	0.064754857	0.56	0.777777778	140	250	180	?a
haschild(?g,?a) ispoliticianof(?g,?b)  => ispoliticianof(?a,?b)	0.449583719	0.754072925	0.895852535	972	1289	1085	?a
hascapital(?b,?h) livesin(?a,?h)  => livesin(?a,?b)	0.091946309	0.128157156	0.128157156	274	2138	2138	?a
ismarriedto(?a,?h) ispoliticianof(?h,?b)  => ispoliticianof(?a,?b)	0.028677151	0.369047619	0.885714286	62	168	70	?a
created(?a,?h) islocatedin(?h,?b)  => ispoliticianof(?a,?b)	0.011563367	0.005901794	0.274725275	25	4236	91	?a
hascurrency(?h,?b) islocatedin(?a,?h)  => hascurrency(?a,?b)	0.082568807	0.00055991	0.5625	9	16074	16	?a
graduatedfrom(?a,?h) islocatedin(?h,?b)  => ispoliticianof(?a,?b)	0.336725254	0.041204437	0.204724409	728	17668	3556	?a
hasacademicadvisor(?a,?h) iscitizenof(?h,?b)  => livesin(?a,?b)	0.033892617	0.137414966	0.437229437	101	735	231	?a
hasacademicadvisor(?a,?h) livesin(?h,?b)  => livesin(?a,?b)	0.023154362	0.173366834	0.439490446	69	398	157	?a
isleaderof(?a,?h) islocatedin(?h,?b)  => livesin(?a,?b)	0.032885906	0.060756355	0.182156134	98	1613	538	?a
ismarriedto(?a,?h) livesin(?h,?b)  => livesin(?a,?b)	0.017785235	0.152298851	0.456896552	53	348	116	?a
haschild(?a,?h) livesin(?h,?b)  => livesin(?a,?b)	0.01442953	0.111979167	0.316176471	43	384	136	?a
islocatedin(?h,?b) worksat(?a,?h)  => livesin(?a,?b)	0.124832215	0.050141529	0.168554599	372	7419	2207	?a
ismarriedto(?g,?a) livesin(?g,?b)  => livesin(?a,?b)	0.017785235	0.152298851	0.464912281	53	348	114	?a
hascapital(?h,?b) ispoliticianof(?a,?h)  => livesin(?a,?b)	0.029865772	0.010486627	0.183505155	89	8487	485	?a
hasacademicadvisor(?g,?a) livesin(?g,?b)  => livesin(?a,?b)	0.019463087	0.16909621	0.4	58	343	145	?a
haschild(?g,?a) livesin(?g,?b)  => livesin(?a,?b)	0.01409396	0.129230769	0.330708661	42	325	127	?a
islocatedin(?h,?b) livesin(?a,?h)  => livesin(?a,?b)	0.27885906	0.117157761	0.117157761	831	7093	7093	?a
owns(?a,?h) owns(?b,?h)  => owns(?a,?b)	0.012396694	0.006020067	0.126760563	9	1495	71	?b
hasacademicadvisor(?g,?a) iscitizenof(?g,?b)  => livesin(?a,?b)	0.024832215	0.123745819	0.381443299	74	598	194	?a
diedin(?a,?h) islocatedin(?h,?b)  => ispoliticianof(?a,?b)	0.267807586	0.017243433	0.232436772	579	33578	2491	?a
hasneighbor(?a,?h) owns(?h,?b)  => owns(?a,?b)	0.03030303	0.103286385	0.103286385	22	213	213	?b
haschild(?g,?a) ispoliticianof(?g,?b)  => livesin(?a,?b)	0.010402685	0.024049651	0.218309859	31	1289	142	?a
haschild(?a,?h) owns(?h,?b)  => owns(?a,?b)	0.024793388	0.36	0.36	18	50	50	?b
islocatedin(?b,?h) owns(?a,?h)  => owns(?a,?b)	0.015151515	0.006646526	0.166666667	11	1655	66	?b
owns(?h,?b) owns(?a,?h)  => owns(?a,?b)	0.013774105	0.105263158	0.105263158	10	95	95	?b
hasneighbor(?g,?a) owns(?g,?b)  => owns(?a,?b)	0.03030303	0.103286385	0.103286385	22	213	213	?b
dealswith(?g,?a) owns(?g,?b)  => owns(?a,?b)	0.039944904	0.105072464	0.105072464	29	276	276	?b
haschild(?g,?a) owns(?g,?b)  => owns(?a,?b)	0.026170799	0.267605634	0.267605634	19	71	71	?b
ispoliticianof(?g,?a) livesin(?g,?b)  => hascapital(?a,?b)	0.025751073	0.170984456	0.189111748	66	386	349	?a
graduatedfrom(?a,?h) islocatedin(?h,?b)  => livesin(?a,?b)	0.223825503	0.037751868	0.143657118	667	17668	4643	?a
islocatedin(?h,?b) owns(?a,?h)  => owns(?a,?b)	0.015151515	0.00735786	0.275	11	1495	40	?b
diedin(?g,?b) ispoliticianof(?g,?a)  => hascapital(?a,?b)	0.05072181	0.242085661	0.281995662	130	537	461	?a
ispoliticianof(?g,?a) wasbornin(?g,?b)  => hascapital(?a,?b)	0.051111978	0.128810226	0.141774892	131	1017	924	?a
isleaderof(?g,?a) wasbornin(?g,?b)  => hascapital(?a,?b)	0.016387046	0.078358209	0.352941176	42	536	119	?a
diedin(?g,?b) iscitizenof(?g,?a)  => hascapital(?a,?b)	0.034724932	0.11618799	0.120107962	89	766	741	?a
diedin(?g,?b) livesin(?g,?a)  => hascapital(?a,?b)	0.015606711	0.068259386	0.135135135	40	586	296	?a
haschild(?a,?b) ismarriedto(?b,?a)  => ismarriedto(?a,?b)	0.015712383	1	1	59	59	59	?a
haschild(?a,?h) haschild(?b,?h)  => ismarriedto(?a,?b)	0.235952064	0.106953163	0.239136302	886	8284	3705	?a
hascapital(?b,?h) wasbornin(?a,?h)  => ispoliticianof(?a,?b)	0.165124884	0.004659297	0.137891078	357	76621	2589	?a
livesin(?a,?b) wasbornin(?a,?b)  => isleaderof(?a,?b)	0.014629049	0.102941176	0.311111111	14	136	45	?b
islocatedin(?b,?a) islocatedin(?a,?b)  => hascapital(?a,?b)	0.351150995	0.156794425	0.788091068	900	5740	1142	?a
dealswith(?b,?a) hasneighbor(?a,?b)  => dealswith(?a,?b)	0.041474654	0.327272727	0.350649351	54	165	154	?a
diedin(?a,?h) islocatedin(?h,?b)  => livesin(?a,?b)	0.081208054	0.0072071	0.163734777	242	33578	1478	?a
dealswith(?b,?a) hasneighbor(?b,?a)  => dealswith(?a,?b)	0.041474654	0.329268293	0.352941176	54	164	153	?a
hasneighbor(?h,?a) hasneighbor(?b,?h)  => dealswith(?a,?b)	0.176651306	0.128348214	0.146871009	230	1792	1566	?a
owns(?a,?h) owns(?b,?h)  => dealswith(?a,?b)	0.056067588	0.048829431	0.190600522	73	1495	383	?a
hasneighbor(?a,?h) hasneighbor(?b,?h)  => dealswith(?a,?b)	0.177419355	0.12890625	0.147887324	231	1792	1562	?a
dealswith(?h,?b) hasneighbor(?a,?h)  => dealswith(?a,?b)	0.491551459	0.294252874	0.33126294	640	2175	1932	?a
hasneighbor(?h,?b) hasneighbor(?a,?h)  => dealswith(?a,?b)	0.177419355	0.12890625	0.147415444	231	1792	1567	?a
hasneighbor(?g,?a) hasneighbor(?g,?b)  => dealswith(?a,?b)	0.176651306	0.128133705	0.146217419	230	1795	1573	?a
dealswith(?h,?b) dealswith(?a,?h)  => dealswith(?a,?b)	0.732718894	0.249607535	0.249607535	954	3822	3822	?a
dealswith(?g,?b) hasneighbor(?g,?a)  => dealswith(?a,?b)	0.491551459	0.291306327	0.329387545	640	2197	1943	?a
hascapital(?g,?b) islocatedin(?g,?a)  => hascapital(?a,?b)	0.089738588	0.051534842	0.139647845	230	4463	1647	?a
exports(?h,?b) hasneighbor(?a,?h)  => exports(?a,?b)	0.425925926	0.190984579	0.249226006	161	843	646	?a
hasneighbor(?a,?h) imports(?h,?b)  => exports(?a,?b)	0.17989418	0.08531995	0.112211221	68	797	606	?a
dealswith(?g,?a) dealswith(?g,?b)  => dealswith(?a,?b)	0.475422427	0.193196005	0.229769859	619	3204	2694	?a
dealswith(?a,?h) exports(?h,?b)  => exports(?a,?b)	0.515873016	0.107497244	0.137227305	195	1814	1421	?a
exports(?g,?b) hasneighbor(?g,?a)  => exports(?a,?b)	0.428571429	0.190140845	0.25	162	852	648	?a
hasneighbor(?g,?a) imports(?g,?b)  => exports(?a,?b)	0.17989418	0.085106383	0.112026359	68	799	607	?a
dealswith(?g,?a) exports(?g,?b)  => exports(?a,?b)	0.375661376	0.128158845	0.169047619	142	1108	840	?a
dealswith(?g,?a) imports(?g,?b)  => exports(?a,?b)	0.238095238	0.098360656	0.130624093	90	915	689	?a
iscitizenof(?g,?b) livesin(?g,?a)  => dealswith(?a,?b)	0.030721966	0.061728395	0.245398773	40	648	163	?a
livesin(?g,?a) livesin(?g,?b)  => dealswith(?a,?b)	0.0453149	0.016866781	0.112380952	59	3498	525	?a
isleaderof(?a,?h) islocatedin(?h,?b)  => isleaderof(?a,?b)	0.085684431	0.05083695	0.171189979	82	1613	479	?b
dealswith(?g,?b) islocatedin(?g,?a)  => dealswith(?a,?b)	0.016897081	0.041431262	0.407407407	22	531	54	?a
islocatedin(?h,?a) participatedin(?b,?h)  => dealswith(?a,?b)	0.071428571	0.03315508	0.108391608	93	2805	858	?a
iscitizenof(?g,?a) iscitizenof(?g,?b)  => dealswith(?a,?b)	0.068356375	0.131656805	0.217603912	89	676	409	?a
actedin(?a,?b) created(?a,?b)  => directed(?a,?b)	0.038679073	0.45106383	0.542199488	212	470	391	?b
hasacademicadvisor(?a,?h) worksat(?h,?b)  => worksat(?a,?b)	0.04787234	0.117732558	0.168049793	162	1376	964	?a
graduatedfrom(?h,?b) hasacademicadvisor(?a,?h)  => worksat(?a,?b)	0.031028369	0.085158151	0.131909548	105	1233	796	?a
hasacademicadvisor(?g,?a) worksat(?g,?b)  => worksat(?a,?b)	0.043735225	0.109225092	0.154488518	148	1355	958	?a
influences(?g,?a) worksat(?g,?b)  => worksat(?a,?b)	0.018026005	0.050123254	0.10951526	61	1217	557	?a
graduatedfrom(?g,?b) hasacademicadvisor(?g,?a)  => worksat(?a,?b)	0.079196217	0.242753623	0.36462585	268	1104	735	?a
hasacademicadvisor(?a,?h) worksat(?h,?b)  => graduatedfrom(?a,?b)	0.050925926	0.271802326	0.300884956	374	1376	1243	?a
graduatedfrom(?h,?b) hasacademicadvisor(?a,?h)  => graduatedfrom(?a,?b)	0.032271242	0.192214112	0.21486854	237	1233	1103	?a
hasneighbor(?a,?h) hasofficiallanguage(?h,?b)  => hasofficiallanguage(?a,?b)	0.255033557	0.336283186	0.506666667	76	226	150	?a
graduatedfrom(?h,?b) influences(?a,?h)  => worksat(?a,?b)	0.018026005	0.017784257	0.109318996	61	3430	558	?a
dealswith(?a,?h) hasofficiallanguage(?h,?b)  => hasofficiallanguage(?a,?b)	0.355704698	0.160120846	0.26044226	106	662	407	?a
hasneighbor(?g,?a) hasofficiallanguage(?g,?b)  => hasofficiallanguage(?a,?b)	0.255033557	0.337777778	0.506666667	76	225	150	?a
dealswith(?g,?a) hasofficiallanguage(?g,?b)  => hasofficiallanguage(?a,?b)	0.244966443	0.228840125	0.347619048	73	319	210	?a
graduatedfrom(?g,?b) hasacademicadvisor(?g,?a)  => graduatedfrom(?a,?b)	0.023828976	0.158514493	0.18153527	175	1104	964	?a
hasofficiallanguage(?g,?b) islocatedin(?g,?a)  => hasofficiallanguage(?a,?b)	0.077181208	0.115577889	0.793103448	23	199	29	?a
graduatedfrom(?h,?b) haschild(?a,?h)  => graduatedfrom(?a,?b)	0.035266885	0.136675462	0.20234375	259	1895	1280	?a
influences(?g,?a) worksat(?g,?b)  => graduatedfrom(?a,?b)	0.011165577	0.0673788	0.1025	82	1217	800	?a
dealswith(?h,?b) islocatedin(?a,?h)  => dealswith(?a,?b)	0.023041475	0.000197113	0.167597765	30	152197	179	?a
graduatedfrom(?g,?b) haschild(?g,?a)  => graduatedfrom(?a,?b)	0.035266885	0.137912673	0.198619632	259	1878	1304	?a
haschild(?a,?h) ismarriedto(?b,?h)  => haschild(?a,?b)	0.053328066	0.118942731	0.150922303	270	2270	1789	?b
haschild(?a,?h) ismarriedto(?h,?b)  => haschild(?a,?b)	0.053328066	0.118006993	0.150166852	270	2288	1798	?b
haschild(?h,?b) ismarriedto(?a,?h)  => haschild(?a,?b)	0.309302785	0.581076067	0.581076067	1566	2695	2695	?b
hasofficiallanguage(?h,?b) islocatedin(?a,?h)  => hasofficiallanguage(?a,?b)	0.181208054	0.003884892	0.692307692	54	13900	78	?a
hasneighbor(?a,?h) participatedin(?h,?b)  => participatedin(?a,?b)	0.121941748	0.171678513	0.171678513	628	3658	3658	?b
haschild(?g,?b) ismarriedto(?g,?a)  => haschild(?a,?b)	0.308907762	0.57690889	0.57690889	1564	2711	2711	?b
hasneighbor(?g,?a) participatedin(?g,?b)  => participatedin(?a,?b)	0.121941748	0.168139224	0.168139224	628	3735	3735	?b
dealswith(?g,?a) participatedin(?g,?b)  => participatedin(?a,?b)	0.177281553	0.16332737	0.16332737	913	5590	5590	?b
hasacademicadvisor(?a,?h) iscitizenof(?h,?b)  => iscitizenof(?a,?b)	0.076455256	0.359183673	0.533333333	264	735	495	?a
hasacademicadvisor(?a,?h) livesin(?h,?b)  => iscitizenof(?a,?b)	0.029249928	0.253768844	0.38996139	101	398	259	?a
islocatedin(?h,?b) worksat(?a,?h)  => iscitizenof(?a,?b)	0.189690125	0.088286831	0.143294684	655	7419	4571	?a
isleaderof(?a,?h) islocatedin(?h,?b)  => iscitizenof(?a,?b)	0.013611352	0.029138252	0.225961538	47	1613	208	?a
diedin(?a,?h) hascapital(?b,?h)  => iscitizenof(?a,?b)	0.122791775	0.016608563	0.111315306	424	25529	3809	?a
islocatedin(?h,?b) livesin(?a,?h)  => iscitizenof(?a,?b)	0.103098755	0.050190328	0.140711462	356	7093	2530	?a
haschild(?a,?h) ispoliticianof(?h,?b)  => iscitizenof(?a,?b)	0.034462786	0.093041439	0.793333333	119	1279	150	?a
haschild(?a,?h) iscitizenof(?h,?b)  => iscitizenof(?a,?b)	0.023747466	0.354978355	0.921348315	82	231	89	?a
created(?a,?h) islocatedin(?h,?b)  => iscitizenof(?a,?b)	0.041702867	0.033994334	0.362720403	144	4236	397	?a
influences(?a,?h) iscitizenof(?h,?b)  => iscitizenof(?a,?b)	0.06429192	0.115805947	0.395721925	222	1917	561	?a
hasacademicadvisor(?g,?a) iscitizenof(?g,?b)  => iscitizenof(?a,?b)	0.057051839	0.329431438	0.486419753	197	598	405	?a
directed(?a,?h) islocatedin(?h,?b)  => iscitizenof(?a,?b)	0.01158413	0.015637217	0.506329114	40	2558	79	?a
hasacademicadvisor(?g,?a) livesin(?g,?b)  => iscitizenof(?a,?b)	0.024905879	0.250728863	0.367521368	86	343	234	?a
diedin(?a,?h) islocatedin(?h,?b)  => iscitizenof(?a,?b)	0.275412685	0.028322116	0.222040626	951	33578	4283	?a
haschild(?g,?a) ispoliticianof(?g,?b)  => iscitizenof(?a,?b)	0.030697944	0.08223429	0.848	106	1289	125	?a
haschild(?g,?a) iscitizenof(?g,?b)  => iscitizenof(?a,?b)	0.023747466	0.328	0.911111111	82	250	90	?a
influences(?g,?a) iscitizenof(?g,?b)  => iscitizenof(?a,?b)	0.077324066	0.132769766	0.360323887	267	2011	741	?a
graduatedfrom(?a,?h) islocatedin(?h,?b)  => iscitizenof(?a,?b)	0.377063423	0.073692552	0.195173137	1302	17668	6671	?a
diedin(?h,?b) ismarriedto(?a,?h)  => diedin(?a,?b)	0.037754219	0.226476314	0.325256291	349	1541	1073	?a
hascapital(?b,?h) wasbornin(?a,?h)  => iscitizenof(?a,?b)	0.126556617	0.005703397	0.102968897	437	76621	4244	?a
haschild(?a,?h) wasbornin(?h,?b)  => diedin(?a,?b)	0.040999567	0.132424878	0.262102351	379	2862	1446	?a
islocatedin(?h,?b) wasbornin(?a,?h)  => livesin(?a,?b)	0.15738255	0.003116652	0.100277956	469	150482	4677	?a
isaffiliatedto(?a,?h) islocatedin(?h,?b)  => ispoliticianof(?a,?b)	0.24653099	0.003043314	0.216402761	533	175138	2463	?a
actedin(?a,?h) islocatedin(?h,?b)  => iscitizenof(?a,?b)	0.032435563	0.009923799	0.369636964	112	11286	303	?a
diedin(?h,?b) haschild(?a,?h)  => diedin(?a,?b)	0.037321506	0.165547025	0.243472124	345	2084	1417	?a
hascapital(?h,?b) ispoliticianof(?a,?h)  => diedin(?a,?b)	0.040999567	0.044656534	0.104667219	379	8487	3621	?a
islocatedin(?h,?b) worksat(?a,?h)  => diedin(?a,?b)	0.039809606	0.049602372	0.11309158	368	7419	3254	?a
ismarriedto(?a,?h) wasbornin(?h,?b)  => diedin(?a,?b)	0.012656859	0.044334975	0.106363636	117	2639	1100	?a
isaffiliatedto(?a,?h) islocatedin(?h,?b)  => livesin(?a,?b)	0.056040268	0.000953534	0.171987642	167	175138	971	?a
diedin(?g,?b) haschild(?g,?a)  => diedin(?a,?b)	0.038619645	0.153813012	0.256834532	357	2321	1390	?a
diedin(?g,?b) ismarriedto(?g,?a)  => diedin(?a,?b)	0.037862397	0.226244344	0.325884544	350	1547	1074	?a
happenedin(?a,?h) hasneighbor(?b,?h)  => happenedin(?a,?b)	0.069675376	0.083550914	0.105705706	352	4213	3330	?b
haschild(?g,?a) wasbornin(?g,?b)  => diedin(?a,?b)	0.022068369	0.066557912	0.146341463	204	3065	1394	?a
ismarriedto(?g,?a) wasbornin(?g,?b)  => diedin(?a,?b)	0.01254868	0.044224171	0.106324473	116	2623	1091	?a
happenedin(?a,?h) hascapital(?b,?h)  => happenedin(?a,?b)	0.034045922	0.187978142	0.29005059	172	915	593	?b
happenedin(?a,?g) hasneighbor(?g,?b)  => happenedin(?a,?b)	0.069675376	0.082667919	0.105547226	352	4258	3335	?b
islocatedin(?h,?b) wasbornin(?a,?h)  => ispoliticianof(?a,?b)	0.446345976	0.006412727	0.258990875	965	150482	3726	?a
hasacademicadvisor(?a,?h) haswonprize(?h,?b)  => haswonprize(?a,?b)	0.01608412	0.203684211	0.25748503	387	1900	1503	?a
haschild(?a,?h) haswonprize(?h,?b)  => haswonprize(?a,?b)	0.031586385	0.189054726	0.304	760	4020	2500	?a
hasacademicadvisor(?g,?a) haswonprize(?g,?b)  => haswonprize(?a,?b)	0.012717676	0.201980198	0.258664413	306	1515	1183	?a
actedin(?a,?b) directed(?a,?b)  => created(?a,?b)	0.030578393	0.379928315	0.56684492	212	558	374	?b
haswonprize(?h,?b) ismarriedto(?a,?h)  => haswonprize(?a,?b)	0.021113004	0.167878387	0.309945088	508	3026	1639	?a
haswonprize(?g,?b) ismarriedto(?g,?a)  => haswonprize(?a,?b)	0.021113004	0.168211921	0.309567337	508	3020	1641	?a
haschild(?g,?a) haswonprize(?g,?b)  => haswonprize(?a,?b)	0.033373509	0.201202706	0.312208398	803	3991	2572	?a
owns(?g,?a) owns(?g,?b)  => isconnectedto(?a,?b)	0.010138824	0.115823236	0.276125743	325	2806	1177	?b
haswonprize(?h,?b) influences(?a,?h)  => haswonprize(?a,?b)	0.021528615	0.075477197	0.16823644	518	6863	3079	?a
haswonprize(?g,?b) influences(?g,?a)  => haswonprize(?a,?b)	0.023939155	0.087405159	0.177887585	576	6590	3238	?a
hasacademicadvisor(?a,?h) hasgender(?h,?b)  => hasgender(?a,?b)	0.011411729	0.948492462	0.961783439	755	796	785	?a
happenedin(?a,?g) islocatedin(?g,?b)  => happenedin(?a,?b)	0.167854315	0.130301168	0.170726797	848	6508	4967	?b
haschild(?a,?h) hasgender(?h,?b)  => hasgender(?a,?b)	0.03337364	0.666666667	0.699398163	2208	3312	3157	?a
haschild(?g,?a) hasgender(?g,?b)  => hasgender(?a,?b)	0.036502418	0.653232351	0.679898649	2415	3697	3552	?a
hasgender(?h,?b) influences(?a,?h)  => hasgender(?a,?b)	0.030668077	0.797876524	0.80772293	2029	2543	2512	?a
hascapital(?a,?b) islocatedin(?b,?a)  => islocatedin(?a,?b)	0.01015343	0.516647532	0.537634409	900	1742	1674	?a
diedin(?g,?b) haschild(?g,?a)  => wasbornin(?a,?b)	0.010095395	0.195605343	0.284283031	454	2321	1597	?a
haschild(?g,?a) wasbornin(?g,?b)  => wasbornin(?a,?b)	0.010228814	0.150081566	0.204899777	460	3065	2245	?a
hascapital(?b,?a) islocatedin(?b,?a)  => islocatedin(?a,?b)	0.01015343	0.906344411	0.908173562	900	993	991	?a
hasgender(?g,?b) influences(?g,?a)  => hasgender(?a,?b)	0.036865175	0.841614907	0.852797203	2439	2898	2860	?a
islocatedin(?h,?b) wasbornin(?a,?h)  => iscitizenof(?a,?b)	0.489429482	0.011230579	0.223367698	1690	150482	7566	?a
hascapital(?b,?h) islocatedin(?a,?h)  => islocatedin(?a,?b)	0.027075812	0.145604562	0.145604562	2400	16483	16483	?a
hascapital(?a,?h) islocatedin(?h,?b)  => islocatedin(?a,?b)	0.024187726	0.293096377	0.315851503	2144	7315	6788	?a
isaffiliatedto(?a,?h) islocatedin(?h,?b)  => iscitizenof(?a,?b)	0.061685491	0.001216184	0.139124755	213	175138	1531	?a
hascapital(?g,?a) islocatedin(?g,?b)  => islocatedin(?a,?b)	0.022597022	0.448801255	0.450213531	2003	4463	4449	?a
islocatedin(?h,?b) playsfor(?a,?h)  => diedin(?a,?b)	0.047382086	0.003728516	0.125717566	438	117473	3484	?a
isaffiliatedto(?a,?h) islocatedin(?h,?b)  => diedin(?a,?b)	0.093249675	0.004921833	0.142056691	862	175138	6068	?a
islocatedin(?g,?a) islocatedin(?g,?b)  => islocatedin(?a,?b)	0.174311823	0.146205526	0.158715973	15451	105680	97350	?a
islocatedin(?h,?b) islocatedin(?a,?h)  => islocatedin(?a,?b)	0.387421029	0.23021848	0.23021848	34341	149167	149167	?a
